0,trademark banner l/s tee
0,oil filter tumbler
0,treadplate license plate slvr/blk
0,full zip hoodie banner sweatshirt
0,trademark banner hoodie
0,grey twill white mesh cap w/caterpillar patch
0,tm logo tee
0,black twill white mesh
0,black cap with 2 tone logo
0,blk twill mesh cap w/ 2tn emb logo
0,trademark tee
0,trademark banner hooded sweatshirt
0,brown waxy khaki mesh cap
0,diesel power tee
0,infant bodysuit
0,orange twill/tan mesh-cat hat
0,trademark hooded sweatshirt
0,structured black chino/trucker mesh back  2 tone cat w/us flag on side
0,fuchsia cap w/ yellow heart
0,caterpillar power tee
0,toddler diggin' dirt tee
0,toastie black stripe beanie
0,youth hooded sweatshirt blk/2tn
0,yellow blood cap w/black sport mesh
0,northridge camo trim khaki cap
0,marbled chino cap with tonal stitching
0,cat mesh flex seat cover
0,mouse pad blk w/2tn logo
0,weathered cotton jacket
0,low profile grey diesel power cap
0,hi-vis logo pocket tee
0,plastic luggage tag yllw/blk
0,toddler lil miss mesh cap
0,industry grey cap w/neon mesh
0,mini cat speaker
0,13-in-1 multi tool yellow/black handle
0,youth banner l/s tee
0,little machines 2 pack backhoe & bulldozer
0,"6 1/4"" drop point folding knife w/bottle opener"
0,build your own junior crew excavator
0,yellow tassell black cap w/black mesh
0,electric grey cap w/black mesh
0,little machines 2 pack dump truck & wheel loader
0,youth crewneck sweatshirt
0,youth cotton logo tee
0,mossy oak digger patch cap with black mesh
0,coolmax s/s tee
0,diesel power l/s tee
0,camo bill olive pro shape cap
0,prowl camo black cap
0,little machines 2 pack dump truck & excavator
0,tech coolmax polo
0,caterpillar coloring book
0,toddler crewneck sweatshirt
0,caterpillar dump truck 36 piece floor puzzle
0,build your own junior crew dump truck
0,bronze bill cap w/green mesh
0,coral cap w/blue logo
0,generic camo front w/orange cat logo
0,2024 machine calendar
0,build your own junior crew wheel loader
0,"5 1/4"" drop point folding knife black blade"
0,sydney backpack
0,lights & sounds tough machines dump truck
0,demo patch cap with black mesh
0,cat rugged wireless speaker
0,bold linen grey cap w/soft black mesh
0,empowered turquoise frost youth tee
0,cool grey cap w/digital camo mesh
0,pro series utility gloves touchscreen capable black
0,low profile thick stitch grey cap w/black mesh
0,buffalo check heavyweight overshirt
0,little machines ground crew
0,youth neon yellow tee
0,youth grey rainbow tee
0,"6"" drop point folding knife black handle yellow cat"
0,roarin' rex-cavator
0,checkers
0,women's caterpillar power tee
0,lights & sounds power mini crew dump truck
0,tire tread playing cards
0,in season camo cap
0,youth window tie-dye tee
0,coolmax quarter zip hoodie
0,"7"" drop point folding knife"
0,toddler rainbow stripe tee
0,stars and stripes cat logo w/blue mesh hat
0,day at the quarry 60 piece puzzle
0,hi-vis orange trademark pocket tee
0,"6"" folding knife pink handle"
0,little machine dump truck
0,roastie black stripe scarf
0,neutral tonal cap w/orange mesh
0,swagger yellow mesh cap
0,caterpillar builder opoly junior
0,4 pack puzzles
0,trademark trouser
0,digger patch cap with black mesh
0,trademark cap
0,pocket pen light
0,hi-vis trademark cap yellow
0,toddler l/s tee
0,diesel power flat bill cap dark earth
0,youth logo tee pink
0,pro series impact touchscreen capable hi-vis/black
0,construction fleet dump truck
0,youth full zip hoodie sweatshirt
0,cat straw hat
0,pro series utility gloves touchscreen capable digi camo
0,youth grey globe tee
0,8 in 1 multi tool
0,performance 1/4 zip sweatshirt
0,youth move it tee
0,lights & sounds tough machines bulldozer
0,mini crew excavator
0,led neck light
0,little machine wheel loader
0,velocity machine sports bottle
0,1:64 cat d11 dozer with 2 blades & rear rippers
0,rush pinnacle 3 golf ball sleeve
0,cat toy train dump truck
0,wood paint kit dumptruck
0,"7"" tanto folding knife yellow/black handle w/2 tone cat"
0,women's grid fleece bonded softshell jacket
0,grey two panel cap
0,rechargeable led neck light
0,rib watch cap
0,loader panel logo cap
0,frayed diesel operator cap w/camo
0,folding utility knife
0,block c legacy cap
0,girls pink unstructured chino w/twill applique
0,under the bridge 60 piece puzzle
0,"5"" drop point folding knife w/blk cat handle"
0,women's coolmax lightweight hoodie
0,2023 full line poster
0,little machines power train set
0,button up l/s shirt
0,2024 historic calendar
0,grey flower chino cap
0,"2 tone cat logo 10"" decal"
0,women's open road tee
0,padded palm utility blk/gld
0,little machine backhoe
0,blue sparkle yellow front girls cap
0,cat soft side cooler
0,pocket cob worklight camo
0,lights & sounds tough machines wheel loader
0,little machine bulldozer
0,s/s hi-vis class iii tee
0,mini crew wheel loader
0,d7e tee
0,trademark cuff beanie
0,construction fleet wheel loader
0,1:35 rc cat d7e track-type tractor
0,18 can camo collapsible cooler
0,wood paint kit wheel loader
0,cat parking lot 60 piece puzzle
0,little machine excavator
0,coolmax l/s tee
0,caterpillar dominoes
0,construction fleet excavator
0,youth melange stitched long sleeve tee
0,junior crew lil' mighty rc wheel loader
0,hi-vis yellow knit cap
0,job-site work light
0,tire tread steering wheel cover
0,mini crew dump truck
0,1:64 cat 988h wheel loader
0,toddler canvas cap
0,lights & sounds power mini crew wheel loader
0,junior crew lil' mighty rc dump truck
0,arctic zone vest
0,pickup sunglasses matte black w/smoke lens
0,lights & sounds power haulers  cement mixer
0,construction fleet bulldozer
0,trademark safari cap
0,cat diesel power l/s tee
0,ansi approved hard hat wht/blk
0,wood paint kit backhoe
0,"yellow cat logo 10"" decal"
0,lights & sounds power mini crew bulldozer
0,blinding sunglasses matte black w/smoke lens
0,power action excavator
0,aluminum dual beam led tactical  light
0,water resistant lined padded palm utility gloves
0,construction pal dump truck
0,64oz stainless steel hydration flask
0,track safety glasses smoke
0,1:35 rc cat 770 mining truck
0,women's micropique sport-wick polo
0,hi-vis zip vest yellow
0,1:87 972m wheel loader
0,construction pal bulldozer
0,1:64 cat 745 articulated truck
0,mini crew bulldozer
0,"1:50 cat 259d3 compact track loader w/general purpose bucket, fork, and grapple bucket"
0,in my neighborhood 60 piece puzzle
0,cat soft shell jacket
0,mustard chino
0,olive green w/tan overlay
0,digi camo grey mesh cap
0,oil drum drinking cup
0,license plate blk/2tn
0,women's trademark tee
0,upf hooded banner l/s tee
0,infant logo tee
0,sticker/decal cat logo wht/2tn
0,black machine lanyard
0,cat micro 320 hydraulic excavator keychain
0,men's raglan heather block polo
0,navy twill khi mesh
0,camo front cap w/neon green mesh/cat
0,cat micro d8t track-type tractor keychain
0,women's trademark banner l/s tee
0,camo front khaki mesh cap
0,construction pal wheel loader
0,little machines mega set
0,"camo cat logo 10"" decal"
0,construction pal excavator
0,"black cat logo 10"" decal"
0,power action dump truck
0,vented hard hat ansi approved
0,women's buffalo check heavyweight overshirt
0,planer safety glasses
0,"1:50 cat 242d3 skid steer loader w/general purpose bucket, fork, and grapple bucket"
0,1:87 cat d11 track-type tractor
0,scout backpack
0,yarder sunglasses matte black w/green lens
0,hi-vis trademark cap orange
0,2024 beauty scenic calendar
0,"6"" drop point folding knife g10 black handle"
0,1:24 rc cat 336 excavator
0,flat bill canvas bronze cap
0,high power led flashlight
0,cat steering wheel cover hex-carbon grip
0,l/s hi-vis class iii tee
0,pewter block c cap
0,shield safety glasses smoke
0,hi-vis 5 pt breakaway vest yellow
0,"8"" drop point folding knife gold anodized aluminum handle"
0,tod s/s logo tee lt pnk
0,1:64 cat 385c l hydraulic excavator
0,quilted ripstop shirt jacket
0,classic l/s oxford shirt
0,1:50 d6 su track-type tractor
0,cat auto shade
0,hi-vis orange knit cap
0,spruce green cap w/black mesh
0,1:87 ho scale 772 off-highway truck
0,jersey glove blk/ylw
0,truck constructors wheel loader
0,blinding sunglasses matte gray w/blue mirror lens
0,truck constructors dump truck
0,1:64 cat ct660 ox stampede dump truck
0,lights & sounds power haulers  dump truck
0,loopback full zip hoodie
0,sunny day bucket cap
0,bruder cat skid steer loader
0,touchscreen high impact utility glove
0,certified lightning to usb 10' cable
0,padded palm utility glove black
0,loader safety glasses clear
0,1:87 cat d5 dozer w/fine grading undercarriage and foldable blade
0,ansi approved hard hat yllw/blk
0,1:50 432f2 backhoe loader
0,coffer sunglasses matte camo w/solid green lens
0,1:50 336 hydraulic excavator - next generation design
0,1:87 450e backhoe loader
0,contrast knit beanie
0,yellow nylon gloves
0,junior crew fix-it fleet excavator
0,1:50 cat d6 xe lgp vpat track-type tractor
0,1:50 cat 242d3 skid steer loader with special black paint
0,cat motorized dump truck
0,cat motorized wheel loader
0,plaid l/s work shirt
0,number one choice tee
0,"13"" wide-mouth tool bag"
0,"7"" 3/4 pocket knife with glass breaker"
0,women's upf hooded banner l/s tee
0,1:50 cat 982m wheel loader
0,sensor sunglasses matte black w/solid smoke lens
0,certified usb c to usb 6' cable
0,1:87 320d l hydraulic excavator
0,steel dump truck
0,junior crew fix-it fleet dump truck
0,neoprene mechanic gloves gry/blk
0,1:50 cat 150 motor grader
0,classic s/s oxford shirt
0,1:50 cat d5 lgp vpat dozer
0,1:50 320 hydraulic excavator - next generation design
0,half finger leather blk/gld
0,longshore jacket
0,1:50 390f l hydraulic excavator - special gunmental finish
0,bruder compact track delta loader
0,pickup sunglasses matte gray crystal w/red mirror lens
0,yarder sunglasses matte gray w/solid smoke lens
0,forest olive knit cap
0,1:50 d11t cd carrydozer
0,bruder 1:16 cat wheel loader
0,blinding sunglasses gray crystal w/silver flash lens
0,1:35 rc cat 950m wheel loader
0,advent calendar
0,1:50 906m compact wheel loader
0,alkaline tactical light
0,1:50 cat d11 dozer - tkn design
0,"pink cat logo 10"" decal"
0,1:50 cat d3 dozer
0,1:87 cat ct681 dump truck
0,coder sunglasses matte gray w/silver flash lens
0,1:50 cat 259d3 compact track loader with special black paint
0,raymond fanny pack
0,infant spot bodysuit
0,junior crew construction buddies wheel loader
0,black knit cap w/stars
0,bruder mini excavator
0,deep dish pro car floor mats 4pc
0,grader sunglasses matte black w/smoke lens
0,28 can backpack
0,tread safety glasses clear
0,1:50 323 hydraulic excavator - next generation design
0,1:50 cat 988k wheel loader
0,550 rechargeable dimmable tactical light
0,1:50 320 gc hydraulic excavator - next generation design
0,"3 pc 10-in-1 multi tool, knife, and key chain gift box set"
0,bruder cat asphalt drum compactor
0,tough rigs wheel loader
0,console retractable keyboard duster
0,multi purpose utility gloves black
0,lights & sounds power haulers  wheel loader
0,stretch flannel shirt
0,1:50 core classic d11r track type tractor
0,bruder cat track type tractor
0,hi vis poly knit latexpalm glove
0,rechargeable focusing tactical light
0,the director cap
0,rebel safety glasses
0,black duffel backpack
0,infant l/s baby rib bodysuit
0,1:50 d9t track type tractor
0,14-in-1 multi tool with sheath
0,junior crew construction buddies dump truck
0,sheridan flat bill cap
0,tread safety glasses smoke
0,classic sunglasses matte grey smoke w/ silver flash lens
0,2pc ratchet tie down set w/ swivel hook
0,1:35 rc cat 336 excavator
0,shield safety glasses clear
0,handler safety glasses clear
0,1:32 308e2 cr sb mini hydraulic excavator
0,coder sunglasses matte navy crystal w/blue mirror lens
0,1:87 ho d9t track type tractor
0,bruder mini excavator with worker
0,bruder cat bulldozer
0,1:50 d10t2 track-type tractor
0,trade packable anorak
0,youth full zip fleece sweatshirt
0,caterpillar monopoly
0,backpack trolley
0,tread safety glasses blue mirror
0,triple usb dc vehicle adapter
0,lights & sounds tough machines excavator
0,1:50 336e h hybrid hydraulic excavator
0,6 pack cat advanced 1/2 cushion crew sock
0,1:32 cat core classic 299c compact track loader
0,mechanics style glove pvc
0,tough rigs dump truck
0,cat power pack dual usb 3.4 amp
0,plaid s/s work shirt
0,logo half cushion quarter socks 3 pack
0,1:87 627g wheel tractor - scraper
0,half cushion crew socks 3 pack
0,handler safety glasses smoke
0,track safety glasses clear
0,double bridge sunglasses matte black w/smoke lens
0,lightweight insulated jacket
0,rechargeable pocket spot light
0,1:50 390f l hydraulic excavator
0,tough rigs bulldozer
0,hi-vis soft shell jacket
0,bruder cat telehandler
0,1:50 966m wheel loader
0,ultimate ben ii backpack
0,2 pc 31 function multi-tool gift box set
0,cat building time 100 piece puzzle
0,cat bump caps  ce certified yellow/black
0,1:50 d7e track-type tractor
0,pc sunglasses matte brown w/solid green lens
0,operator flex trousers
0,molded lunch box
0,barry extended backpack
0,full frame sunglasses matte gray w/green orange lens
0,insulated utility jacket
0,tough rigs excavator
0,loader safety glasses smoke
0,grey/stone with camo trim pink cat
0,tod hooded sweatshirt black
0,ole diesel power patch cap bronze white mesh
0,structured twill hat khi/blk
0,little machines 5-pack
0,grey mesh cap w/caterpillar patch
0,logo pocket tees
0,classic black mesh cap w/flag on back
0,women's h2o full zip hoodie
0,tod s/s logo tee
0,defend cap digi camo bill black
0,trademark pocket l/s tee
0,ladies side block micro polo
0,gift card
0,realtree camo w/mesh trim orange cat
0,khaki cap with machinery flag patch
0,lds logo tee pink/white
0,trend cap grey w/white mesh
0,suede/spandex gloves blk/gld
0,1:50 core classic 308c cr mini hydraulic excavator
0,heritage austin tote sackpack
0,1:50 cat 930k wheel loader
0,certified apple lightning vehicle charger
0,ridge sunglasses grey
0,brioso backpack
0,diesel power flat bill cap black
0,1:50 323 hydraulic excavator with work-tools - next gen
0,tread safety glasses brown
0,track safety readers clear
0,benji classic backpack
0,ronald utility bag
0,rodney tablet bag
0,urban mountaineer foldable satchel
0,"7.5"" folding knife w/red handle"
0,track safety readers smoke
0,motor sunglasses matte black w/smoke lens
0,women's tech coolmax polo
0,jet safety glasses pale pink
0,6 pack cat advanced 1/2 cushion  quarter sock
0,1:87 966m wheel loader
0,cat realtree daytrip hydration backpack - edge
0,1:50 657g core classic  wheel tractor scraper
0,1:25 cat g3616 gas compression engine
0,shopping tote
0,dozer safety glasses clear
0,1:87 ho 730 articulated truck
0,1:125 cat 657g wheel tractor scraper
0,2 pack cat half cushion crew sock
0,cat x richardson 115 diesel power cap
0,1:50 d11t track type tractor copper finish
0,1:50 d5k2 lgp track-type tractor
0,track safety glasses yellow
0,1:87 972m wheel loader with log fork
0,bruder cat excavator
0,cat uni school bag
0,bruder large track type tractor
0,1:50 320f medium excavator
0,1:87 ho m318d wheeled excavator
0,1:50 core classics d10t track-type tractor
0,cat hi vis green latex coated palm glove
0,bruder wheel excavator
0,1:50 core classic d8r track type tractor
0,power tracks friends train
0,"20"" tech wide-mouth tool bag"
0,youth prospect hoodie
0,original 1904 cap
0,the stuntman cap
0,1:50 d11t track-type tractor - jel design
0,1:50 cat d11t track type tractor matte silver plated
0,certified lightning vehicle charger
0,1:50 cat d7c track type tractor
0,pocket spot light
0,digger safety glasses blue mirror
0,1:25 cat cg260-16 gas generator
0,elite d11t track-type tractor
0,1:50 cat 745 articulated truck
0,high visibility padded palm utility gloves green
0,certified usb-c vehicle charger
0,1:50 cat 301.7 cr mini hydraulic excavator
0,build your own jr crew bulldozer
0,cat small power pack dual usb
0,1:50 cat 966m weathered wheel loader
0,dreamy cat blanket
0,alexander botts and the earthworm tractor: vol 1
0,"17"" pro tool tote"
0,caterpillar greeting cards
0,cat x richardson 112 trucker cap
0,cat large backpack
0,1:50 cat 308 excavator cr mini hydraulic excavator - next generation
0,women's hi-vis upf hooded banner l/s tee
0,1:50 core classic d6r track type tractor
0,1:50 330d core classic l hydraulic excavator
0,tort sunglasses matte tort w/ solid brown lens
0,1:50  core classic 777d off highway truck
0,led work light
0,1:50 core classic 336d l hydraulic excavator
0,1:50 d7e track-type tractor - pipeline configuration
0,heavyweight insulated oxford jacket
0,cabin backpack two tone
0,1:50 318f wheeled excavator
0,1:87 cat 12m3 motor grader
0,1:50 motor grader evolution series
0,flex layer long john black
0,1:50 cat 309 mini hydraulic excavator
0,fix it phillip dump truck
0,elite watch black/yellow dial w/black silicone strap
0,anadigit black dial black rubber strap
0,1:50 cat 745 weathered articulated truck
0,rechargeable dimmable focusing tactical light
0,shockmaster evo watch black dial stainless steel w/stainless steel strap
0,modern aviator sunglasses black matte w/green lens
0,gloss navy sunglasses w/smoke lens
0,adventure duffel bag
0,elite 24m motor grader
0,jet safety glasses clear
0,1:50 d8t track-type tractor with 8u blade
0,cat certified usb-c vehicle charger
0,1:50 track loader evolution series
0,1:50 988k wheel loader with log grapple
0,1:50 cat 621k scraper & cat no.70 scraper with d7 track type tractor
0,9 inch fixed blade knife
0,1:50 420f2 it backhoe loader special black finish
0,1:50 769 and 770 off highway truck
0,1:50 cat 24m  motor grader
0,1:87 cat ct681 concrete mixer
0,hexagon nested 3pc luggage set
0,moto multi watch black dial stainless steel w/stainless steel strap
0,ultra soft knee pads - hard shell
0,1:50 24 motor grader
0,1:50 d6t xw vpat track type tractor
0,cat realtree explorer’s sleeping bag- edge
0,1:50 cs11 gc soil compactor
0,digger safety glasses clear
0,coolmax lightweight pullover hoodie
0,men's hi-vis mesh cap
0,alexander botts and the earthworm tractor: vol 2
0,insignia watch green dial w/green grey silicone strap
0,tokyo watch black/yellow dial stainless steel w/silicone strap
0,rechargeable focusing headlamp
0,sportica watch black dial abs w/black pu strap
0,icon watch black dial stainless steel w/stainless steel strap
0,icon watch black/yellow dial stainless steel w/silicone strap
0,1:50 cat 320f weathered excavator
0,1:50 14m3 motor grader
0,1:50 420f2 it backhoe loader
0,micro usb to usb 10' cable
0,elite 390f l hydraulic excavator
0,motion watch black/yellow dial black rubber strap
0,1:50 core classic 770 off-highway truck
0,operator 45mm watch silver dial stainless steel w/stainless steel strap
0,tokyo watch black dial stainless steel w/stainless steel strap
0,sixty sling bag
0,elite 994k wheel loader
0,1:50 core classic 924g versalink wheel loader
0,cat camo hydration reservoir
0,cat watch multi black & yellow dial stainless steel strap
0,"access 20"" onboard trolley"
0,moto watch black dial stainless steel w/stainless steel strap
0,high wrap sunglasses matte black w/smoke lens
0,1:50 950m wheel loader
0,quest explore backpack
0,sail watch black dial stainless steel w/stainless steel strap
0,groovy watch black/yellow dial polycarbonate w/silicone strap
0,motion evo watch black dial polycarbonate w/rubber strap
0,moto multi watch gun grey dial stainless steel w/stainless steel strap
0,cali lady watch grey dial stainless steel w/white silicone strap
0,ectoshield safety glasses smoke
0,cat backpack trolley
0,cat cabin trolley
0,18 inch pro tool backpack
0,cat watch black/yellow dial stainless steel w/leather strap
0,elite watch black/rose gold w/black silicone strap
0,longshore bib
0,insignia watch yellow/black dial abs w/silicone strap
0,octa watch yellow/black dial abs w/silicone strap
0,18v brushless 1/2″ cordless hammer drill with two batteries
0,cali lady watch black dial stainless steel w/stainless steel strap
0,72 x 60 inch non-woven utility blanket
0,1:50 cat 555d wheel skidder
0,10' reflective aux audio cable
0,1:50 core classic 365c front shovel
0,cat realtree hammock with bugscreen- edge
0,insignia watch black/yellow dial abs w/silicone strap
0,cat 797f mining truck - tier 4
0,18v brushless 4.5″ cordless angle grinder- tool only
0,quick zip utility light
0,special ops 2 watch black dial carbon fiber w/silicone strap
0,1:50 core classic 420e it backhoe loader
0,1:50 cb-13 tandem vibratory roller with rops
0,1:50 335f l cr hydraulic excavator
0,iris 3pc hardside luggage set
0,spirit ii black dial black silicone strap
0,sail watch black/yellow dial stainless steel w/silicone strap
0,motion watch black dial polycarbonate w/rubber strap
0,moto multi watch black/yellow dial stainless steel w/stainless steel strap
0,18v brushless ¼” cordless impact driver with two batteries
0,cat carbon v3 3pc set
0,cat slim briefcase two tone
0,youth logo tee
0,camaro chino cap w/ heavy stitch
0,women's trademark banner pullover hoodie
0,shot glass clear w/ blk logo
0,thompson 1/4 zip hoodie
0,women's tm logo tee
0,convertible duffel 12 can cooler
0,collapsible koozie blk/2tn
0,cat micro 770 off-highway truck keychain
0,boy's jack dirt is my favorite color cap black w/black mesh
0,essential rain jacket
0,cat micro 950m wheel loader keychain
0,throwback red logo black cap
0,disguise camo cap w/black mesh
0,sleeveless pocket tee
0,ladies ponytail cap teal twill front w/khaki mesh back
0,logo knit cap
0,12oz sipper tumbler
0,1:50 cat 374d l hydraulic excavator
0,1:50 r3000h underground mining loader
0,1:32 910k wheel loader
0,cat watch black-rose accents multi dial black leather strap
0,spirit ll military style watch
0,elite watch black/yellow dial stainless steel w/silicon strap
0,sail watch yellow dial stainless steel w/silicone strap
0,motion watch white dial polycarbonate w/rubber strap
0,octa watch black/yellow dial abs w/silicone strap
0,7a 4.5″ corded angle grinder
0,15a 7.25″ corded circular saw
0,18v 5ah 1 for all graphene battery
0,18v brushless cordless reciprocating saw
0,18v brushless 1/2″ drill/driver with two batteries
0,cali lady watch gold dial stainless steel w/stainless steel strap
0,1:50 cat core classic 140h motor grader
0,1:50 core classic ct660 day cab tractor w/ xl 120 low-profile hdg trailer
0,1:50 ad60 underground articulated truck
0,1:50 cb-2.7 utility compactor
0,1:50 568 road builder configuration
0,1:50 349f l xe hydraulic excavator
0,1:50 core classic 320d l hydraulic excavator
0,motion evo watch black grey dial w/grey rubber strap
0,insignia watch green/white dial w/grey silicone strap
0,bolt digital watch black/bronze dial w/black strap
0,anadigit gunmetal/ orange  gunmetal rubber strap
0,basecamp digital watch yellow strap
0,cat digital watch black pvd case w/red rubber bolt strap
0,cat digital watch stainless case rubber bolt strap
0,elite watch black dial stainless steel w/silicone strap
0,tokyo watch gun grey dial stainless steel w/silicone strap
0,spirit ii watch black/yellow dial polycarbonate w/silicone strap
0,barricade watch black/green dial abs w/silicone strap
0,ana-digit watch green dial abs w/rubber strap
0,slider watch black dial stainless steel w/stainless steel strap
0,18v 4a 1 for all quick battery charger
0,18v 4ah 1 for all battery
0,18v 2ah 1 for all battery
0,18v brushless 7.25″ cordless circular saw
0,18v brushless cordless oscillating multi-tool- tool only
0,ectoshield safety glasses clear
0,ripstop work shirt
0,dynamic work pant
0,architect watch black/gold dial w/leather strap
0,operator 45mm watch black dial stainless steel w/leather strap
0,groovy watch yellow dial polycarbonate w/silicone strap
0,cali lady watch silver dial stainless steel w/stainless steel strap
0,1:50 323f medium excavator
0,1:25 core classic  dp25n lift truck
0,1:50 core classic m316d wheel excavator
0,barricade watch blue dial w/blue silicone strap
0,barricade watch black/yellow dial w/yellow silicone strap
0,basecamp anadigit black-yellow dial black silicone strap
0,motion watch black/grey dial black rubber strap
0,stealth watch white dial stainless steel w/silicone strap
0,ellipse watch black/rose gold dial stainless steel w/silicone strap
0,3.0a 5″ corded random orbit sander
0,2.4a corded 1/4 sheet sander
0,18v 15a 1 for all lightning charger
0,18v brushless 1″ cordless jig saw- tool only
0,slider watch black dial stainless steel w/leather strap
0,architect watch black dial w/stainless steel strap
0,architect watch black dial w/leather strap
0,icon watch black/silver dial stainless steel w/silicone strap
0,icon watch black/silver dial stainless steel w/stainless steel strap
0,operator 45mm watch black dial stainless steel w/stainless steel strap
0,sportica watch black/yellow dial abs w/black pu strap
0,insignia watch black/gun dial abs w/silicone strap
0,stealth watch gun grey dial stainless steel w/silicone strap
0,stealth watch black dial stainless steel w/silicone strap
0,cali lady watch rose gold dial stainless steel w/stainless steel strap
0,tokyo watch rose gold dial w/leather strap
0,cat watch multi black & black leather strap
0,1:50 core classic r1700g lhd underground mining loader
0,1:50 140m motor grader
0,cat micro 2 usb port vehicle charger
0,micro 1 usb port vehicle charger
0,1:50 core classic 725 articulated truck
0,1:50 cb-13 tandem vibratory roller with cab
0,cat watch black/blue dial w/black strap
0,1:50 994k wheel loader - rock configuration
0,1:50 core classic 340d l hydraulic excavator
0,ellipse watch black dial stainless steel w/stainless steel strap
0,slider watch white/rose gold dial stainless steel w/stainless steel strap
0,8.5a 1/2″ corded hammer drill
0,3.5a corded oscillating multi-tool
0,7a corded jig saw
0,12a reciprocating saw
0,18v cordless random orbit 5″ sander / 6″ polisher – tool only
0,"8"" folding knife w/tungsten glass breaker, seat belt cutter"
0,tod hoodie sweatshirt pink
0,24oz sport gripper bottle with straw
0,women's h2o pullover hoodie
0,irving navy cap w/white mesh
0,realtree max 5 camo/brn cap
0,yellow block c cap w/black mesh
0,est. 1925 flag cap w/contrast stitching on visor
0,treadplate magnetic koozie w/yellow logo
0,"metal machines 3 pack - concrete mixer, dump truck, grader"
0,black beanie with grey flag patch
0,festive black mesh microfiber cap
0,chino w/trucker mesh back thick stitching on visor gold/black
0,youth sport logo hoodie grey
0,32 oz black taiga tumbler
0,grey wool w/yellow mesh cap
0,brushed twill khaki cap
0,hot pink infant football bodysuit
0,license plate pnk/blk logo
0,cat activity and coloring book
0,flag on side classic black cap
0,oakland classic grey wool cap
0,infant baby rib bodysuit navy w/red and white stripe
0,camo collapsible koozie
0,diesel power pullover sweatshirt
0,camo license plate
0,structured grey front black mesh cap
0,dozer flag grey chino cap
0,"metal machines 3 packs - wheel loader, excavator, steam roller"
0,stocking cap black w/2tn
0,toddler cotton jersey tee
0,toddler pink flag tee
0,men's micropique sport-wick polo
0,gunmetal peoria il w/black mesh hat
0,caterpillar pvc luggage tag
0,big iron black cap w/yellow mesh
0,og spotlight chino cap
0,women's diesel power tee
0,"industrial knit cap w/3"" black roll"
0,toddler baseball tee
0,cat matching game
0,playing cards
0,pale pink beauty script cap
0,grizzly vacuum sealed bottle
0,women's raglan heather block polo
0,do rag black with 2 tone
0,retro diesel power cap yellow
0,structured black/grey panel w/yellow cat side logo
0,22oz stainless steel tumbler
0,pocket cob flashlight yellow
0,barbed logo washed grey cap
0,toddler lil mister mesh cap
0,down2earth side logo cap
0,cat label cuff beanie
0,youth script hoodie pink/silver
0,black knit beanie w/yellow stripes
0,mossy green cap with mesh back
0,royal blue football bodysuit
0,vortex grey front w/neon mesh cap
0,toddler future operator tee
0,performance s/s tee
0,blue wave teal cat logo cap
0,big red side logo cap
0,tool box design tumbler
0,brandt 6 can lunch cooler grey and black
0,grid fleece bonded softshell jacket
0,flat duck bill w/black mesh hat
0,"5.5"" drop point folding knife g10 black w/yellow cat handle"
0,label pocket s/s tee
0,collapsible koozie pnk/blk
0,women's trademark banner full zip hoodie
0,raised in dirt toddler cap
0,hi-vis upf hooded banner  l/s tee
0,4-function head lamp
0,washed canvas cap w/black trucker mesh
0,triple play drawstring bag gld/blk/wht
0,top notch black cap w/camo bill
0,i'd rather be building cap
0,infant bear onesie
0,infant future operator bodysuit
0,blaze hunter cap
0,design mark diesel cap
0,snow camo cap w/white mesh
0,heavy insulated parka
0,bluetooth cat earbuds
0,indestructible youth tee navy frost
0,youth camo jersey tee
0,girl's jill dirt my favorite color pink/navy
0,retro diesel power cap black
0,caterpillar bingo game
0,cat 27qt cooler
0,cat parts black cap
0,resorption ct wp boot
0,second shift s/t boot
0,pretty poppy cap
0,rosie red chino cap
0,caterpillar crawler cap
0,bold panel trucker cap
0,"excavatorxl 6"" wp ct boot"
0,quality cat equipment mesh cap
0,washed chino w/foam mesh cap
0,intruder unisex shoe
0,dashing brown mesh cap
0,marshland blaze cap
0,second shift boot
0,realtree xtra pink cap
0,sunny day fleece cap
0,bronze bill w/cream cat logo cap
0,explore cat mesh cap
0,heavy equipment operator cap
0,outline boot
0,outline st boot
0,threshold wp st mid boot
0,argon c/t oxford
0,transform 2.0 mid boot dark beige
0,tess st boot
0,antler canvas cap
0,mae st wp boot
0,revolver st wellington dk brown
0,toddler blue camo cap
0,echo waterproof st boot
0,"14"" high velocity drum fan"
0,"14"" high velocity pedestal drum fan"
0,wheelbase st pull on boot
0,excavator superlite wp nt boot
0,diagnostic hi s/t boot
0,revolver pull on boot
0,toddler camo pink cap
0,threshold wp boots
0,cat long handle digging shovel with round point
0,alaska 2.0 s/t boot
0,cat 55qt cooler black
0,women's excavator superlite wp nt boots
0,cat long handle transfer shovel with square point
0,cat 27qt cooler black
0,mae wp boot
0,invader hi st boot
0,invader hiker wp boot
0,"24"" high velocity industrial drum fan"
0,"paisley 6"" boot tawny"
0,cat electric pressure washer
0,"exposition 6"" boot"
0,"cat 16"" combo bow/level rake"
0,gradient grey chino cap
0,invader s/t shoe
0,"cat d-handle drainage spade with 16"" blade"
0,yellow edge cap
0,1:50 cat 794 ac mining truck
0,cat x richardson 112 diesel power cap
0,"cat long handle trenching spade with 4"" blade"
0,"cat 26"" leaf & lawn rake with spring steel tines"
0,blue cap w/flag on side
0,violet cap w/white logo
0,hunter cap w/black logo
0,scenic buck bronze cap
0,1:50 cat 798 ac mining truck
0,cat d-handle transfer shovel with square point
0,cat 600 pro made in usa abrasive materials
0,cat 600 pro made in usa multi materials
0,cat 600 pro made in usa general purpose
0,cat 600 pro made in usa hard materials blade
0,"cat scraper 9"" replaceable blade"
0,cat d-handle border/edging spade
0,cat combo ground/mortar hoe
0,"cat 19"" lawn & thatching rake with spring steel tines"
0,1:16 no. 4 hi-way patrol
0,cat 55qt cooler
