﻿
8,"3512C (1750 ekW, 60 Hz)"
8,"C13  ,   400 kVA (50 Hz)"
8,"C15  ,   500 kVA (50 Hz)"
8,"C2.2 ,  D20"
8,"C2.2 ,  D25"
8,"C2.2 ,  D30"
8,"C3.3 (60 Hz) ,  DE50 GC"
8,"C3.3 ,  DE55 GC"
8,"C3.3 ,  DE56AE0"
8,"C3.3 ,  DE75AE0"
8,"C4.4 ,  DE100AE0"
8,"C4.4 ,  DE125AE0"
8,"C7.1 ,  DE169AE0"
8,"C7.1 ,  DE218AE0 (50 Hz)"
8,"C7.1 ,  DE218AE0 (60 Hz)"
8,120   120 AWD
8,120 GC - Tier 4   Stage 5
8,14
8,140   140 AWD - LVR Tier 4   Stage 5
8,140   140 AWD -Tier 4   Stage 5
8,140 GC   140 GC AWD - Tier 4   Stage 5
8,150   150 AWD - Tier 4   Stage 5
8,16
8,160   160 AWD - Tier 4   Stage 5
8,18
8,226D3
8,232D3
8,236D3
8,239D3
8,24
8,242D3
8,246D3
8,249D3
8,255
8,259D3
8,262D3
8,265
8,272D3
8,272D3 XE
8,279D3
8,289D3
8,299D3
8,299D3 XE
8,299D3 XE Land Management
8,300.9D
8,300.9D VPS & HPU300
8,301.5
8,301.7 CR
8,301.8
8,302 CR
8,302.7 CR
8,303 CR
8,303.5 CR
8,304
8,305 CR
8,306 CR
8,307.5
8,308 CR
8,308 CR VAB
8,309 CR
8,309 CR VAB (Long Undercarriage)
8,310
8,313
8,313 GC
8,315
8,315 GC
8,317
8,317 GC
8,320 - Tier 4   Stage V
8,320 GC - Tier 4   Stage V
8,323 - Tier 4   Stage V
8,325 - Tier 4   Stage V
8,326 - Tier 4   Stage V
8,330 - Tier 4   Stage V
8,330 GC - Tier 4   Stage V
8,335 - Tier 4   Stage V
8,336 - Tier 4
8,340 - Tier 4
8,340 Long Reach
8,340 Straight Boom
8,340 UHD
8,3406C
8,3412C (50 Hz)
8,3412C (60 Hz)
8,349
8,350
8,3508
8,3508B
8,3508C
8,3512
8,3512 (50 Hz)
8,3512 (50 Hz) with Upgradeable Package
8,3512 (60 Hz)
8,3512 (60 Hz) with Upgradeable Package
8,3512B
8,3512B (50 Hz)
8,3512B (50 Hz) India Market Only
8,3512B (50 Hz) with Upgradeable Package
8,3512B (60 Hz)
8,3512B (60 Hz) 1500 kW with Upgradeable Package
8,3512C
8,3512C (60 Hz)
8,3512C DGB
8,3512C HD
8,3512C HD (Offshore)
8,3512C IMO II
8,3512C Tier 3
8,3512E
8,3512E DGB Tier 4 Final
8,3512E Tier 4   IMO III
8,3512E Tier 4 Final
8,3516
8,3516 (50 Hz)
8,3516 (50 Hz) with Upgradeable Package
8,3516 (60 Hz)
8,3516 (60 Hz) with Upgradeable Package
8,3516B
8,3516B (50 Hz)
8,3516B (50 Hz) 2500 kVA with Upgradeable Package
8,3516B (50 Hz) India Market Only
8,3516B (50 Hz) with Upgradeable Package
8,3516B (60 Hz)
8,3516B (60 Hz) with Upgradeable Package
8,3516B DGB™ (50 Hz)
8,3516B DGB™ (60 Hz)
8,3516B with Dynamic Gas Blending
8,3516C
8,3516C (50 Hz)
8,3516C (50 Hz) with Upgradeable Package
8,3516C (60 Hz)
8,3516C (HD) CI D2 Hazardous Location
8,3516C HD
8,3516C IMO II
8,3516C Tier 3
8,3516C Tier 4 Final (60 Hz)
8,3516E
8,3516E (50 Hz)
8,3516E (60 Hz)
8,3516E Tier 4   IMO III
8,352
8,352 LRE
8,352 Straight Boom
8,352 UHD
8,3606 (50 Hz)
8,3606 (60 Hz)
8,3608 (50 Hz)
8,3608 (60 Hz)
8,3612 (50 Hz)
8,3612 (60 Hz)
8,3616 (50 Hz)
8,3616 (60 Hz)
8,374 - Tier 4
8,395 - Tier 4
8,415
8,415 IL
8,416
8,420
8,420 XE
8,428
8,430
8,432
8,434
8,440
8,450
8,6015
8,6020B
8,6030
8,6040
8,6060
8,621
8,621 Partial Scraper
8,623
8,627
8,631
8,631 Partial Scraper
8,637
8,651
8,651 Partial Scraper
8,657
8,657 Coal Bowl
8,657G
8,725
8,725 Bare Chassis
8,7295
8,730
8,730 Bare Chassis
8,730 EJ
8,735
8,735 Bare Chassis
8,7395
8,740 EJ
8,740 GC
8,740 GC Bare Chassis
8,745
8,745 Bare Chassis
8,7495 HD
8,7495 HF with HydraCrowd
8,7495 HF with Rope Crowd
8,7495 with HydraCrowd
8,7495 with Rope Crowd
8,770 (07)
8,770 Bare Chassis
8,770G
8,772 (07)
8,772 Bare Chassis
8,772G
8,773 (07)
8,773G
8,775 (07)
8,775 Bare Chassis
8,775G
8,777 (07)
8,777 (07) Bare Chassis
8,777 (07) Water Truck
8,785
8,785 Bare Chassis
8,789
8,793
8,793F
8,794 AC
8,796 AC
8,797F
8,798 AC
8,8000
8,815
8,816
8,8200
8,825K
8,826K
8,836
8,836K
8,854
8,8750
8,903D
8,906
8,907
8,908
8,910
8,914
8,920
8,926
8,926M
8,926M Aggregate Handler
8,930
8,930M
8,930M Ag Handler
8,930M Aggregate Handler
8,930M Waste Handler
8,938
8,938M
8,938M Aggregate Handler
8,938M Waste Handler
8,950
8,950 GC
8,950M
8,953
8,962
8,962M
8,963
8,966
8,966 GC
8,966 XE
8,972
8,972 XE
8,973
8,980
8,980 XE
8,982
8,982 XE
8,AD30
8,AD45
8,AD63
8,AP1000
8,AP1055
8,AP400
8,AP455
8,AP500
8,AP555
8,AP600
8,AP655
8,ATC Contactor Based Bypass Isolation Automatic Transfer Switch
8,ATC Contactor-Based Automatic Transfer Switch
8,ATC Molded Case Circuit Breaker & Molded Case Switch ATS
8,ATC Power Breaker & Case Switch Automatic Transfer Switch
8,ATC Power Breaker Bypass Isolation Open Closed Transition ATS
8,ATC Service Entrance Rated MCCB & Power Breaker Based ATS
8,ATC-300+ CONTROLLER
8,ATC-900 CONTROLLER
8,C1.1 (50 Hz)
8,C1.1 (60 Hz)
8,C1.5
8,C1.5 (50 Hz)
8,C1.5 (60 Hz)
8,C11 ACERT™ (Dry Manifold)
8,C12
8,C12 ACERT
8,C13 (50 Hz)
8,C13 (50 Hz) China Non Road
8,C13 (60 Hz)
8,C13 ACERT™ (Dry Manifold)
8,C13 ACERT™ (Tier 4 Final)
8,C15 (50 Hz)
8,C15 (50 Hz) China Non Road
8,C15 (60 Hz)
8,C15 ACERT Tier 2
8,C15 ACERT Tier 4i
8,C15 ACERT™
8,C15 ACERT™ (Dry Manifold)
8,C15 ACERT™ (Tier 4 FINAL)
8,C15 ACERT™ (Water-Cooled Mainfold)
8,C175-16
8,C175-16 (50 Hz)
8,C175-16 (60 Hz)
8,C175-16 Tier 4 Final (60 Hz)
8,C175-20 (50 Hz)
8,C175-20 (60 Hz)
8,C18 (50 Hz)
8,C18 (50 Hz) China Non Road
8,C18 (50 Hz) India Market Only
8,C18 (60 Hz)
8,C18 (60 Hz) Tier 4
8,C18 (SRMP) Marine Generator Set
8,C18 ACERT IMO II
8,C18 ACERT Tier 2
8,C18 ACERT Tier 3
8,C18 ACERT Tier 3 Recreational
8,C18 ACERT™
8,C18 ACERT™ (Dry Manifold)
8,C18 ACERT™ (T4 Final)
8,C18 IMO II
8,C18 Tier 3
8,C2.2
8,C2.2 (50 Hz)
8,C2.2 (60 Hz)
8,C27 (60 Hz)
8,C27 ACERT Tier 2
8,C27 ACERT Tier 4i
8,C27 ACERT™
8,C27 ACERT™ (Dry Manifold)
8,C27 ACERT™ (Tier 4 Final)
8,C280
8,C280-12
8,C280-12 Tier 4  IMO III
8,C280-16
8,C280-16 FMT
8,C280-6
8,C280-8
8,C280-8 Tier 4  IMO III
8,C3.3 (50 Hz)
8,C3.3 (60 Hz)
8,C32
8,C32 (50 Hz)
8,C32 (50 Hz)  India Market Only
8,C32 (60 Hz)
8,C32 ACERT IMO II
8,C32 ACERT Tier 2
8,C32 ACERT Tier 3
8,C32 ACERT™
8,C32 ACERT™ (Dry Manifold)
8,C32 ACERT™ (Hazardous Location)
8,C32 ACERT™ (Tier 4 Final)
8,C32 ACERT™ (Water-Cooled Manifold)
8,C32 IMO II
8,C32 IMO III
8,C32 Tier 3
8,C32 Tier 3   IMO II
8,C32 Tier 4   IMO III
8,C32B
8,C4.4
8,C4.4 (50 Hz)
8,C4.4 (60 Hz)
8,C4.4 (Electronic)
8,C7 ACERT™ (Dry Manifold)
8,C7 ACERT™ (Hazardous Location)
8,C7 ACERT™ (Water-Cooled Manifold)
8,C7.1
8,C7.1 (50 Hz)
8,C7.1 (60 Hz)
8,C7.1 (Electronic Control System)
8,C7.1 Tier 3   IMO II
8,C9 (50 Hz)
8,C9 (60 Hz)
8,C9 ACERT™ (Dry Manifold)
8,C9 ACERT™ (Hazardous Location)
8,C9 ACERT™ (Water-Cooled Manifold)
8,C9.3 ACERT
8,C9.3 ACERT™ (Tier 4 Final)
8,C9.3 Auxiliary Engine
8,C9.3 Marine Generator Set
8,CB1.7
8,CB1.8
8,CB10
8,CB13
8,CB15
8,CB16
8,CB2.5
8,CB2.5 GC
8,CB2.7
8,CB2.7 GC
8,CB2.9
8,CB4.0
8,CB4.4
8,CB7
8,CB8
8,CC2.7
8,CC2.7 GC
8,CC4.0
8,CCS9 Combination Asphalt Compactor
8,CG132B-12
8,CG132B-16
8,CG132B-8
8,CG137-12
8,CG137-8
8,CG170-12
8,CG170-12 K
8,CG170-16
8,CG170-16 K
8,CG170-20
8,CG170B-12
8,CG170B-16
8,CG170B-20
8,CG260-12
8,CG260-16
8,CHP1500
8,CHP2000
8,CHP2500
8,CN1566 Electric Motor
8,CN3086 Electric Motor for Gas Compression
8,CN3586 Electric Motor for Gas Compression
8,CN5086 Electric Motor
8,CP11 GC
8,CP12 GC
8,CP34
8,CP44B
8,CP54B
8,CP56B
8,CP68B
8,CP7
8,CP74B
8,CS10 GC
8,CS11 GC
8,CS12 GC
8,CS34
8,CS44B
8,CS54B
8,CS56B
8,CS64B
8,CS68B
8,CS7
8,CS74B
8,CS78B
8,CTE Series Automatic Transfer Switch
8,CTG Series Automatic Transfer Switch
8,CTGSE & CTGDSE Series Service Rated Entrance Rated ATS
8,CTS Series Automatic Transfer Switch
8,CTSM and CTGM Series Manual Transfer Switches
8,CTX Series Automatic Transfer Switch
8,CW16 11-Wheel
8,CW16 9-Wheel
8,CW34
8,CX31-P600
8,CX35-P800
8,CX48-P2300
8,Cat 2D E-fence for Excavators
8,Cat AutoCarry for Dozers
8,Cat Command Remote Console and Station
8,Cat Command for Compaction
8,Cat Command for Dozing in Construction
8,Cat Command for Dozing in Mining
8,Cat Command for Drilling
8,Cat Command for Excavating
8,Cat Command for Hauling
8,Cat Command for Loading
8,Cat Command for Underground
8,Cat Compact with Compaction Algorithm
8,Cat Compact with Compaction Meter Value (CMV)
8,Cat Compact with Machine Drive Power (MDP)
8,Cat Compact with Temperature Indication
8,Cat Customizable Switchgear and Controls
8,Cat Detect for Underground
8,Cat EGP Switchgear
8,Cat Fleet for Surface
8,Cat Fleet for Underground
8,Cat Grade Assist for Excavators
8,Cat Grade Control for Wheel Tractor-Scrapers
8,Cat Grade with 2D for Excavators
8,Cat Grade with 3D for Dozers
8,Cat Grade with 3D for Excavators
8,Cat Grade with 3D for Motor Graders
8,Cat Grade with Cross Slope for Motor Graders
8,Cat Grade with Grade and Slope For Pavers
8,Cat Grade with Grade and Slope for Cold Planers
8,Cat Grade with Thermal Mapping For Pavers
8,Cat Health
8,Cat Inspect
8,Cat Lift Assist for Excavators
8,Cat Load Assist for Wheel Tractor-Scrapers
8,Cat MineStar Detect Fatigue
8,Cat MineStar Edge
8,Cat PL161 Attachment Tracker
8,Cat Payload Estimator for Scrapers
8,Cat Payload for Articulated Trucks
8,Cat Payload for Excavators
8,Cat Payload for L & M Series Wheel Loaders
8,Cat Payload for Large Wheel Loaders
8,Cat Payload for Next Generation Wheel Loaders
8,Cat Payload with Truck Production Management System
8,Cat Product Link
8,Cat Remote Flash
8,Cat Remote Troubleshooting
8,Cat Sequence Assist for Wheel Tractor-Scrapers
8,Cat Slope Assist for Dozers
8,Cat Stability Assist for Articulated Trucks
8,Cat Stable Blade for Dozers
8,Cat Steer Assist for Dozers
8,Cat Switchgear
8,Cat Terrain for Drilling
8,Cat Terrain for Grading
8,Cat Terrain for Loading
8,Cat Traction Control for Dozers
8,Cat XLM Switchgear
8,Cat® BDP1000 Bi-Directional Power Inverter
8,Cat® SDX Screed Plate System
8,D100 GC
8,D1000 GC
8,D125 GC
8,D1250 GC
8,D150 GC
8,D175 GC (60 Hz)
8,D200 GC
8,D250 GC
8,D300 GC
8,D350 GC
8,D40 GC
8,D400 GC
8,D450 GC
8,D50 GC
8,D500 GC (60 Hz)
8,D550 GC
8,D60 GC
8,D600 GC
8,D80 GC
8,DE1000S GC
8,DE110 GC (50 Hz)
8,DE110 GC (60 Hz)
8,DE1100 GC
8,DE1250 GC
8,DE1250S GC
8,DE1400 GC
8,DE150 GC (50 Hz)
8,DE150 GC (60 Hz)
8,DE1500 GC
8,DE165 GC (50 Hz)
8,DE165 GC (60 Hz)
8,DE200 GC (50 Hz)
8,DE200 GC (60 Hz)
8,DE220 GC (50 Hz)
8,DE33 GC (50 Hz)
8,DE33 GC (60 Hz)
8,DE350S GC (60 Hz)
8,DE400 GC (50 Hz)
8,DE400S GC (60 Hz)
8,DE450 GC (50 Hz)
8,DE450S GC (60 Hz)
8,DE50 GC (50 Hz)
8,DE500 GC
8,DE500S GC (60 Hz)
8,DE55 GC (50 Hz)
8,DE550 GC (50 Hz)
8,DE550S GC
8,DE600S GC
8,DE605 GC (50 Hz)
8,DE65 GC (50 Hz)
8,DE65 GC (60 Hz)
8,DE660 GC (50 Hz)
8,DE715 GC
8,DE800S GC
8,DE88 GC (50 Hz)
8,DE88 GC (60 Hz)
8,DG100 (Single phase and 3 phase)
8,DG125 (Single-phase and 3 phase)
8,DG150 (3 phase)
8,DG175 GC (3 phase)
8,DG175 GC (Single-phase)
8,DG200 GC (3 phase)
8,DG200 GC (Single-phase)
8,DG230 GC (3 phase)
8,DG250 GC (3 phase)
8,DG275 GC (3 phase)
8,DG300 GC (3 phase)
8,DG350 (3-Phase)
8,DG350 GC (3 phase)
8,DG400 (3-Phase)
8,DG400 GC (3 phase)
8,DG450 (3-Phase)
8,DG450 GC (3 phase)
8,DG500 (60 Hz)
8,Dispatch for Loading
8,EMCP 4.4 Master Control Panel
8,Energy Capacity Expansion (ECE) Module
8,Energy Time Shift (ETS) Module
8,Engine Paralleling and Integration Control (EPIC)
8,FM538 GF FM538 LL
8,FM548 GF FM548 LL
8,FM558 GF FM558 LL
8,FM568 GF FM568 LL
8,G3304B
8,G3306B
8,G3406
8,G3408
8,G3408C
8,G3412
8,G3412 with FAST RESPONSE
8,G3412C
8,G3508 LE
8,G3512
8,G3512 TA
8,G3512 with FAST RESPONSE
8,G3512E
8,G3512H
8,G3516 NA
8,G3516 TA
8,G3516 with FAST RESPONSE
8,G3516A
8,G3516C
8,G3516H
8,G3516J
8,G3520
8,G3520 with FAST RESPONSE
8,G3520C
8,G3520H
8,G3520J
8,G3606 A4
8,G3608 A4
8,G3612 A4
8,G3616 A4
8,M314
8,M315
8,M316
8,M318
8,M319
8,M320
8,M322
8,MD6200
8,MD6250
8,MD6310
8,MEC500
8,MH3022
8,MH3024
8,MH3026
8,MH3040
8,MH3050
8,MH3250
8,MH3260
8,MPC100
8,MX150 Microprocessor Controller
8,MX250 Microprocessor Controller
8,MX350 Controller
8,Operator Coaching for Excavators
8,PL61
8,PL72
8,PL83
8,PL87
8,PM310 Track Undercarriage (Tier 4 Stage V)
8,PM310 Wheel Undercarriage
8,PM312 Track Undercarriage (Tier 4 Stage V)
8,PM312 Wheel Undercarriage
8,PM313 Track Undercarriage (Tier 4 Stage V)
8,PM313 Wheel Undercarriage
8,PM620
8,PM622
8,PM820
8,PM822
8,PM825
8,People Detection for Excavators
8,Power Grid Stabilization (PGS) Heavy Duty (HD)
8,Power Grid Stabilization (PGS) Module
8,Power Grid Stabilization Heavy Duty (PGS HD) Mobile Module
8,R1300G
8,R1600H
8,R1700
8,R1700 XE (Battery-Electric)
8,R2900 XE (Diesel-Electric)
8,R2900G
8,R3000H
8,RM400
8,RM500B
8,RM600 - Tier 4F   EU Stage V
8,RM800 - Tier 4F   EU Stage V
8,Rear Object Detection for Wheel Loaders
8,SE47 FM (411) Vibratory Screed
8,SE47 FM (4B5) Vibratory Screed
8,SE47 V Vibratory Screed
8,SE50 V Vibratory Screed
8,SE60 FM Vibratory Screed
8,SE60 V Asphalt Screed
8,SE60 V XW Vibratory Screed
8,SE60 VT XW Tamper Bar Screed
8,TH255C
8,TH48-E70
8,TH53-E60
8,TH55-E70
8,TH55-E90
8,TL1055
8,TL1255
8,TL642
8,TL642 w Stabilizers
8,TL943
8,TL943 w Stabilizers
8,Temporary Connection Boxes
8,VisionLink®
8,VisionLink® Productivity
8,XES120 (50 Hz)
8,XES120 (60 Hz)
8,XES60 (50 Hz)
8,XES60 (60 Hz)
8,XGC1900 50 60Hz
8,XGC1900 60Hz 250 mg Nm3
8,XQ1140 Tier 4 Final
8,XQ125 Tier 4 Final
8,XQ2280 Tier 4 Final
8,XQ230 Tier 4 Final
8,XQ330 Tier 4 Final
8,XQ35 Tier 4 Final
8,XQ425 Tier 4 Final
8,XQ570 Tier 4 Final
8,XQ60 Tier 4 Final
8,XQC1200
8,XQC1600
8,XQP100
8,XQP1100
8,XQP115
8,XQP150
8,XQP20
8,XQP200
8,XQP30
8,XQP300
8,XQP310
8,XQP500
8,XQP550
8,XQP60