﻿9,excavators
9,compactors
9,off highway trucks
9,motor graders
9,backhoe loaders
9,wheel loaders
9,hydraulic mining shovels
9,skid steer and compact track loaders
9,articulated trucks
9,road reclaimers
9,underground hard rock
9,equipment
9,cold planers
9,track loaders
9,wheel tractor scrapers
9,asphalt pavers
9,electric rope shovels
9,material handlers
9,forest machines
9,drills
9,telehandlers
9,pipelayers
9,draglines
9,dozers
9,buckets excavator
9,forks
9,grade
9,oil and gas
9,auger accessories
9,buckets backhoe rear
9,buckets compact wheel loader
9,electric power
9,grapples
9,thumbs
9,buckets loader
9,hammer accessories
9,buckets telehandler
9,rippers
9,material handling
9,tilt rotate systems
9,marine power systems
9,buckets backhoe front
9,snow accessories
9,trenchers
9,blades
9,rotors
9,mulchers
9,rakes
9,buckets underground loaders
9,bodies trucks
9,buckets mining shovels
9,technology kits
9,fleet
9,generator set enclosures
9,couplers excavator
9,bale grabs
9,electric power controls
9,assist
9,hammers
9,brooms
9,command
9,buckets skid steer loader
9,couplers loader
9,couplers backhoe rear
9,snow products
9,broom accessories
9,saws
9,backhoe accessories
9,bale spears
9,fork accessories
9,augers
9,brushcutters
9,pulverizers
9,flail mowers
9,rotary cutters
9,terrain
9,backhoes
9,payload
9,detect
9,water delivery system
9,equipment management
9,bucket accessories
9,general accessories
9,productivity
9,health
9,generator set fuel tanks
9,tillers
9,compact
9,nursery products
9,stump grinders
9,edge
9,adapters
9,mini excavators
9,medium excavators
9,large excavators
9,soil compactors
9,off highway trucks bare chassis
9,pneumatic rollers
9,tandem vibratory rollers
9,center pivot backhoe loaders
9,small wheel loaders
9,vibratory soil compactors
9,compact track loaders
9,skid steer loaders
9,three axle articulated trucks
9,road reclaimer
9,underground mining trucks
9,cold planer
9,demolition excavators
9,open bowl scrapers
9,track asphalt pavers
9,wheel material handlers
9,articulated truck bare chassis
9,medium wheel loaders
9,underground mining load haul dump lhd loaders
9,screeds
9,mining trucks
9,landfill compactors
9,partial scrapers
9,small excavators
9,wheel asphalt pavers
9,wheel excavators
9,coal bowl scrapers
9,compact wheel loaders
9,long reach excavation
9,rotary drills
9,track material handlers
9,side shift backhoe loaders
9,wheel dozers
9,water trucks
9,elevating scrapers
9,severe duty
9,log and lumber forks
9,well service engines
9,offshore drilling and production generator sets
9,general duty
9,drive units
9,high capacity buckets
9,millyard forks
9,general purpose buckets
9,gas generator sets
9,clamshell grapples
9,pro series hydraulic thumbs
9,flat floor buckets performance series
9,digging buckets mini excavator
9,standard duty buckets
9,diesel generator sets
9,tools
9,woodchip buckets
9,lines
9,material handling arms
9,pallet fork carriages
9,tiltrotators
9,auxiliary engines
9,bits
9,multi purpose buckets
9,back drags
9,compaction wheels
9,coal u blades
9,pipe pole forks
9,waste handling
9,stiff link thumbs
9,power box rakes
9,dump bucket
9,mp body
9,heavy duty capacity buckets mini excavator
9,standard rock bucket
9,thumb tines
9,light material buckets
9,enclosures
9,s type couplers
9,orange peel grapples
9,commercial propulsion engines
9,control panels
9,performance hammers
9,brackets
9,coral buckets
9,gc hammers
9,high performance propulsion and maneuvering solutions
9,pin grabber couplers
9,heavy duty rock buckets
9,utility brooms
9,battery energy storage systems
9,hp body
9,heavy duty
9,mobile generator sets
9,heavy duty buckets mini excavator
9,general purpose buckets performance series
9,coal performance series
9,high dump buckets
9,tilting ditch cleaning buckets mini excavator
9,woodchip u blades
9,block handling
9,heavy duty buckets
9,log lumber fork carriages
9,ditch cleaning buckets mini excavator
9,variable radius semi u blades
9,marine generator sets
9,dual lock pin grabber couplers
9,vibratory drum compactors
9,waste dozing
9,pallet forks
9,nordic trenching buckets
9,low profile buckets
9,rock
9,utility thumbs
9,slag
9,snow blowers
9,ditch cleaning buckets
9,heavy rock bucket
9,electrical kits
9,wheel saws
9,land drilling engines and generator sets
9,contractors grapples
9,pin lock couplers
9,semi millyard forks
9,extensions
9,sand gravel buckets
9,straight snow pushes
9,demolition and sorting grapples
9,pallet fork tines
9,snow plows
9,dual lock pin grabber couplers mini excavator
9,reclamation u blades
9,ats atc breaker contactor
9,industrial performance buckets
9,extreme duty
9,light material buckets performance series
9,heavy duty granite
9,grapple
9,ditch cleaning tilt
9,hydraulic connecting s type couplers
9,land production generator sets
9,gas compression engines
9,heavy duty fork carriages
9,nordic grading buckets
9,grading buckets mini excavator
9,skeleton grapple buckets
9,cushion dozer blades
9,hp xl body
9,spray kits
9,nordic digging buckets
9,ditch cleaning
9,utility grapple forks
9,primary pulverizers
9,ats mx contactor
9,hook groups
9,construction forks
9,high abrasion rock
9,angle brooms
9,clean up
9,loader rakes
9,stump buckets
9,gutter brushes
9,grader blades
9,trash grapples
9,unloading grapple forks
9,dozer blades
9,water tank kits
9,excavator rakes
9,tilting dual lock pin grabber couplers mini excavator
9,waste load carry
9,construction fork carriages
9,material handling buckets
9,grading buckets
9,industrial grapple forks
9,light rock bucket
9,cw series couplers
9,skeleton buckets
9,log lumber fork tines
9,industrial grapple buckets
9,pickup brooms
9,mixing buckets
9,landfill u blades
9,iron ore bucket
9,gas compression electric motors
9,grapple buckets
9,forest machine grapples
9,angle blades compact products
9,mobile equipment charger
9,vibratory plate compactors
9,block forks
9,industrial grapple rakes
9,msd ii body
9,spill guards
9,switchgear and paralleling controls
9,coal bucket
9,energy storage solutions
9,pins
9,he body
9,snow wings
9,side discharge buckets
9,secondary pulverizer
9,logging forks
9,well service transmissions
9,multi v plows
9,soil excavation buckets
9,pin lock couplers mini excavator
9,bolt together bucket
9,pin puller couplers
9,fusion coupler loader
9,heavy duty fork tines
9,sorting grapple forks
9,fuel tanks
9,landscape tillers
9,side dump buckets
9,controls
9,nursery forks
9,utility forks
9,heavy duty rock buckets mini excavator
9,landscape rakes
9,utility grapple buckets
9,utility buckets
9,mobile gas solutions
9,construction fork tines
9,tree scoop buckets
9,concrete slab buckets
9,skid steer adapters
9,millyard pole forks
9,box blades
9,deflectors
9,positioners
9,cribbing buckets
9,excavator
9,compactor
9,off highway truck
9,motor grader
9,backhoe loader
9,wheel loader
9,hydraulic mining shovel
9,skid steer and compact track loader
9,articulated truck
9,track loader
9,wheel tractor scraper
9,asphalt paver
9,electric rope shovel
9,material handler
9,forest machine
9,drill
9,telehandler
9,pipelayer
9,dragline
9,dozer
9,bucket excavator
9,fork
9,auger accessory
9,bucket backhoe rear
9,bucket compact wheel loader
9,thumb
9,bucket loader
9,hammer accessory
9,bucket telehandler
9,ripper
9,tilt rotate system
9,marine power system
9,bucket backhoe front
9,snow accessory
9,trencher
9,blade
9,rotor
9,mulcher
9,rake
9,bucket underground loader
9,body truck
9,bucket mining shovel
9,technology kit
9,generator set enclosure
9,coupler excavator
9,bale grab
9,electric power control
9,hammer
9,broom
9,bucket skid steer loader
9,coupler loader
9,coupler backhoe rear
9,snow product
9,broom accessory
9,saw
9,backhoe accessory
9,bale spear
9,fork accessory
9,auger
9,brushcutter
9,pulverizer
9,flail mower
9,rotary cutter
9,backhoe
9,generator set fuel tank
9,tiller
9,nursery product
9,stump grinder
9,adapter
9,mini excavator
9,medium excavator
9,large excavator
9,soil compactor
9,off highway truck bare chassis
9,pneumatic roller
9,tandem vibratory roller
9,center pivot backhoe loader
9,small wheel loader
9,vibratory soil compactor
9,compact track loader
9,skid steer loader
9,three axle articulated truck
9,demolition excavator
9,open bowl scraper
9,track asphalt paver
9,wheel material handler
9,medium wheel loader
9,underground mining load haul dump lhd loader
9,mining truck
9,landfill compactor
9,partial scraper
9,small excavator
9,wheel asphalt paver
9,wheel excavator
9,coal bowl scraper
9,compact wheel loader
9,rotary drill
9,track material handler
9,side shift backhoe loader
9,wheel dozer
9,water truck
9,elevating scraper
9,log and lumber fork
9,well service engine
9,offshore drilling and production generator set
9,drive unit
9,high capacity bucket
9,millyard fork
9,general purpose bucket
9,gas generator set
9,clamshell grapple
9,pro series hydraulic thumb
9,flat floor bucket performance series
9,digging bucket mini excavator
9,standard duty bucket
9,diesel generator set
9,woodchip bucket
9,line
9,material handling arm
9,pallet fork carriage
9,tiltrotator
9,auxiliary engine
9,bit
9,multi purpose bucket
9,back drag
9,compaction wheel
9,coal u blade
9,pipe pole fork
9,stiff link thumb
9,power box rake
9,heavy duty capacity bucket mini excavator
9,thumb tine
9,light material bucket
9,enclosure
9,s type coupler
9,orange peel grapple
9,commercial propulsion engine
9,control panel
9,performance hammer
9,bracket
9,coral bucket
9,gc hammer
9,high performance propulsion and maneuvering solution
9,pin grabber coupler
9,heavy duty rock bucket
9,utility broom
9,battery energy storage system
9,mobile generator set
9,heavy duty bucket mini excavator
9,general purpose bucket performance series
9,high dump bucket
9,tilting ditch cleaning bucket mini excavator
9,woodchip u blade
9,heavy duty bucket
9,log lumber fork carriage
9,ditch cleaning bucket mini excavator
9,variable radius semi u blade
9,marine generator set
9,dual lock pin grabber coupler
9,vibratory drum compactor
9,pallet fork
9,nordic trenching bucket
9,low profile bucket
9,utility thumb
9,snow blower
9,ditch cleaning bucket
9,electrical kit
9,wheel saw
9,land drilling engine and generator set
9,contractor grapple
9,pin lock coupler
9,semi millyard fork
9,sand gravel bucket
9,straight snow push
9,demolition and sorting grapple
9,pallet fork tine
9,snow plow
9,dual lock pin grabber coupler mini excavator
9,reclamation u blade
9,industrial performance bucket
9,light material bucket performance series
9,hydraulic connecting s type coupler
9,land production generator set
9,gas compression engine
9,heavy duty fork carriage
9,nordic grading bucket
9,grading bucket mini excavator
9,skeleton grapple bucket
9,cushion dozer blade
9,spray kit
9,nordic digging bucket
9,utility grapple fork
9,primary pulverizer
9,hook group
9,construction fork
9,angle broom
9,loader rake
9,stump bucket
9,gutter brush
9,grader blade
9,trash grapple
9,unloading grapple fork
9,dozer blade
9,water tank kit
9,excavator rake
9,tilting dual lock pin grabber coupler mini excavator
9,construction fork carriage
9,material handling bucket
9,grading bucket
9,industrial grapple fork
9,cw series coupler
9,skeleton bucket
9,log lumber fork tine
9,industrial grapple bucket
9,pickup broom
9,mixing bucket
9,landfill u blade
9,gas compression electric motor
9,grapple bucket
9,forest machine grapple
9,angle blade compact product
9,vibratory plate compactor
9,block fork
9,industrial grapple rake
9,spill guard
9,switchgear and paralleling control
9,energy storage solution
9,pin
9,snow wing
9,side discharge bucket
9,logging fork
9,well service transmission
9,multi v plow
9,soil excavation bucket
9,pin lock coupler mini excavator
9,pin puller coupler
9,heavy duty fork tine
9,sorting grapple fork
9,fuel tank
9,landscape tiller
9,side dump bucket
9,nursery fork
9,utility fork
9,heavy duty rock bucket mini excavator
9,landscape rake
9,utility grapple bucket
9,utility bucket
9,mobile gas solution
9,construction fork tine
9,tree scoop bucket
9,concrete slab bucket
9,skid steer adapter
9,millyard pole fork
9,box blade
9,deflector
9,positioner
9,cribbing bucket