3,lift assist for excavators
3,grade assist for excavators
3,slope assist for dozers
3,stability assist for articulated trucks
3,sequence assist for wheel tractor-scrapers
3,load assist for wheel tractor-scrapers
3,steer assist for dozers
3,autocarry for dozers
3,stable blade for dozers
3,traction control for dozers
3,command remote control for construction
3,command for excavating
3,command for dozing in construction
3,command for loading
3,command for compaction
3,command for dozing in mining
3,command for hauling
3,command for underground
3,command for drilling
3,compact with temperature indiion
3,compact with compaction algorithm
3,compact with compaction meter value (cmv)
3,compact with machine drive power (mdp)
3,2d e-fence for excavators
3,people detection for excavators
3,detect - driver safety system (dss)
3,rear object detection for wheel loaders
3,detect for underground
3,minestar edge
3,visionlink
3,inspect
3,remote troubleshooting
3,remote flash
3,pl161 attachment tracker
3,product link
3,fleet for surface
3,fleet for underground
3,grade with 3d for dozers
3,grade with 2d for excavators
3,grade with 3d for excavators
3,grade with cross slope for motor graders
3,grade with 3d for motor graders
3,grade control for wheel tractor-scrapers
3,grade with grade and slope for cold planers
3,grade with grade and slope for pavers
3,grade with thermal mapping for pavers
3,cat health
3,payload for l & m series wheel loaders
3,payload for next generation wheel loaders
3,payload for excavators
3,payload for articulated trucks
3,payload for large wheel loaders
3,payload estimator for scrapers
3,payload with truck production management system
3,visionlink productivity
3,dispatch for loading
3,operator coaching for excavators
3,terrain for drilling
3,terrain for grading
3,terrain for loading
