4,finance
4,accounting
4,accounts
4,financials
4,my finaced account
4,financi
4,account
4,fianance
4,financial
4,financial jobs
4,contact financial
4,major accounts
4,financ
4,financing
4,account manager
4,finacial
4,finance@work
4,national accounts
4,account balance
4,cash account
4,financial maintenance
4,email accounting
4,finance program
4,finance reports
4,finance intern
4,corporate accounts
4,finance attachment
4,credit card account
4,cat financial commercial account
4,account number
4,financiang
4,accounting reports
4,financeing
4,service financial statements
4,catfinancial
4,financial phone number
4,accouns payable
4,financeiro
4,account coordinator
4,offers financing
4,accounts payable
4,staff accountat
4,marine engins finance
4,account aplication
4,account information
4,commercial account
4,account payables
4,employment cat financial
4,accounting software for businesses: streamlining financial management
4,comparison of financial produts
4,financial report
4,financial statmet
4,financing calc
4,financeatwork
4,managed accounts
4,finan
4,financial statements
4,accountexpress
4,financiamento
4,account information of bank
4,financial products
4,cat access acct
4,cat financial log in
4,financing terms
4,financiamentos
4,my account number
4,account options
4,mycatfinancial
4,financing op
4,www.catfinancial.com
4,my account
4,reporte financiero
4,what does my account cover
4,billing
4,account informatin
4,financing offers
4,cat financial
4,finaciamento
4,myaccount
4,account status
4,investor
4,a/p system
4,cat finance
4,my cat financial
4,finance rates
4,cat financail
4,account pay off balance
4,my acco
4,mycat financial
4,caterpillar financial services
4,finance conference
4,access account
4,power finance
4,offers 0 financing
4,bank
4,can i see my account
4,raport finansowy
4,financing options
4,accounts payable  tucson
4,make a payment on account
4,new account for parts
4,my account details
4,power investment accounts
4,ironworks account manager
4,financing-protection
4,mycatfinancial.com
4,financial solutions
4,financing protection
4,financing requirements
4,mymy account balances account balance
4,my account info
4,investor relations
4,investment with
4,finance payoff
4,i'm looking for my account
4,credit
4,national rental account
4,transfer financing
4,loan balances
4,payment management
4,caterpillar financial sarl
4,fimancimg
4,cat cpa
4,bank statements
4,monthly account statment
4,credit course
4,fairbanks
4,candidate home account
4,aftermarket financing
4,accounts recievable
4,used financing
4,0.99% finance
4,monthly account statement
4,link accounts
4,asset history
4,cat fnance
4,itin financing
4,core credit
4,loan balance
4,account modification
4,financed equipment payment terms
4,investor report
4,equipment financing myths
4,credit line
4,add assets
4,manage my eq
4,balance
4,money with
4,refinanace
4,financial insurance
4,catcredit
4,management
4,sales
4,my candidate home account
4,cat card finance
4,fortni account
4,credit union
4,bank form
4,careers
4,asset details
4,agriculture  forestry
4,finn
4,auto payment
4,finance auto cat malaga
4,estado de cuenta
4,investors
4,business account for equipment rental
4,make pa yment
4,quickbooks
4,i locking for account
4,accounts payable portal
4,capa de banco
4,credit card statements
4,statement and billing
4,collections
4,credit card balance
4,kredit
4,power financing
4,my loan
4,financial goals for 2024
4,intro to afa management
4,finding invoice/ statements
4,loans
4,account transfer
4,core credit for
4,create account
4,nota fiscal
4,oil security
4,banjo debit
4,money bank
4,finacne
4,marketing department
4,business ingiths
4,create an account with caterpillar
4,invoicing
4,acquisitions
4,account creation
4,asset on
4,billing address chang
4,credit application
4,rewards balance
4,investor day
4,interbank
4,find money
4,cat credit
4,excluding aquisition
4,credit memos
4,andy banks
4,capa de banco 924k
4,account creation cat inspect
4,cat financial phone
4,acc bal
4,market capital
4,accses
4,bank cap
4,mon compte paypal
4,cva financial contract information
4,retirement and savings
4,cat financial over seas locations
4,cat inspect account creation
4,main office
4,line of credit
4,asset managementcompliance
4,facturas
4,payments
4,compensation grade
4,earnings
4,agreement loans
4,doing business
4,auto pay
4,look for invoices
4,loan history
4,loan calculator
4,send tomonye bank acuntchang cion to monye
4,payment calculator
4,onboard a customer account
4,pay invooices
4,cat power financing
4,create an account
4,paym
4,transferring funds
4,autopay
4,arrangement number
4,change account settings
4,set up a account
4,refinanacr
4,agriculture
4,custodian
4,industry sales and service rep
4,pay history
4,invoice vs statement
4,payment options
4,payment information
4,core credit for any
4,paymenty
4,annual report
4,banco
4,make a paymeny
4,asset monitoring
4,how to create an account with caterpillar
4,asset operations history
4,dealers billing
4,bankverbindung
4,economics department
4,banc
4,open a money market account
4,not inclusing aquisition
4,mis contratos de financiacion
4,crear cuenta
4,refinance
4,invoices
4,accumulateur
4,capas de bancos
4,paybill
4,funding reports
4,loan summary
4,company
4,assests
4,cashman
4,log in my account
4,business partnership
4,invoice
4,invester day
4,communications
4,sales brocure
4,credit application apply
4,portfolio
4,how it is done to money's
4,dealer finance conference
4,in-bank soil
4,offices
4,loan payments
4,partnership
4,investors stock
4,superan. retail
4,cat finance for generator
4,hr
4,cat bussines access
4,asset list
4,making payments
4,maintainence
4,need job
4,sales type
4,factura
4,make a paymn
4,my assetsmy equipment
4,credit application form
4,excluir conta
4,interest rate
4,credit limit
4,cap
4,purchasing
4,loan status
4,mony
4,crm
4,assume a loan
4,revenue
4,fraud
4,credit car aplicatio
4,cheque pena
4,affiliate marketing
4,venture
4,manage my business
4,payme
4,roles and resp
4,land bank
4,mergers and acqusitions
4,affiliate
4,economy
4,par number
4,cat financial cat card
4,jazzcash
4,loan application
4,amortecedor do banco
4,monthly statement
4,credit application for equipment rental
4,open invoices
4,where to pay
4,fuel credit
4,bottes secu
4,bank alfala
4,service in numbers
4,sec
4,inverseur
4,employee and retiree
4,i need money
4,business information
4,cat credits
4,make pay
4,acquisition
4,remittance
4,sales link
4,credit application pdf
4,cat financial phone number
4,cat prepaid credit
4,0% financing
4,taxes
4,tax
4,asset monitoring services
4,invoice inquiry
4,application profile
4,rwt
4,interest rate on parts
4,annual goals
4,active maintenance tracking
4,lease invoices
4,routing number
4,ammortamento leasing
4,core credit criteria
4,finning sos
4,doing buisness
4,shareholder services
4,treasury cat.com
4,change bank for auto pay
4,credit certificate
4,cat financial loan payment
4,pay lease
4,doing business with cat
