1,careers
1,career
1,careers jobs
1,careers/jobs
1,careeres
1,career jobs
1,job career
1,carreers
1,carreers\
1,careere
1,carreer
1,careeracareers
1,careersjobs
1,careeras
1,careers apply
1,carrers
1,careera
1,us careers
1,careerjobs
1,careersjob
1,careers project
1,careeers
1,career india
1,careerz
1,careers marketing
1,careerws
1,career site
1,careers in management
1,careers for hire
1,cwreers
1,career opportunities
1,carrer
1,cat careers
1,careers vacancies
1,engineering careers
1,cwreersjobs
1,carrerr
1,career opening
1,career opport
1,training and carrers
1,catcareer
1,carear
1,jobs
1,cacareers
1,rental careers
1,careers contac
1,singapore careers
1,carearr
1,carreer bawa
1,carrer opening
1,careerssales
1,careers at caterpillar
1,vacanciescareer
1,employm careers
1,careers current openings
1,job's
1,category of jobs
1,employment and jobs
1,careers tucson
1,careers at cat
1,careers technician
1,job
1,jobscarees
1,caterpillarcareer
1,jobs in
1,find jobs
1,employment
1,assembly careers
1,jobs search
1,carreera
1,search jobs
1,vocation
1,jobs for
1,a job
1,employment.
1,carrers logistics
1,caeer
1,job opportunities
1,cybersecurity jobs
1,jobsjobs
1,cateers
1,search for jobs
1,careers warehouse
1,caceers
1,job search
1,industry
1,caterpillarr nlr careers
1,carriere
1,cat jobs
1,industries
1,employed
1,sports jobs
1,carerr
1,carieer
1,job site
1,job employment
1,carers
1,remote control careers
1,business
1,enployment opportunities
1,careers pomona
1,campaigns
1,/job
1,job searching
1,carpentry job
1,internships
1,jobs in cat
1,jobs india
1,curriculum
1,campaign
1,job seekers
1,jobsite
1,job ava
1,carpenter job
1,carer
1,operator career development
1,looking for job in caterpillar
1,for a job
1,job openings
1,careers decatur il
1,carerrs
1,job vacancies
1,need job
1,cae job
1,hiring
1,apply jobs
1,job opportunties
1,industri jobs
1,apprenticeships
1,jobb
1,cv
1,professional
1,emploi
1,india job
1,employment position
1,positions
1,opportunities
1,construction jobs
1,careers in griffin  ga
1,look job
1,how can i get a job
1,careers granbury
1,looking job
1,industry's
1,industy
1,job.dirve
1,mining jobs
1,jobs in colorado
1,empleos
1,financial jobs
1,job vacancy
1,onlinejobs
1,job applications
1,enterprise
1,recruitments
1,construction job
1,jobs in carinth ms
1,welding jobs
1,internship
1,indutry
1,joba
1,engineering jobs
1,empleosjobs
1,medical job
1,current job openings
1,employ
1,open positions
1,claimsjobs
1,job hiring
1,competitive
1,commercial
1,jobs opening
1,caterpillarcareer@com
1,i'm looking for a job
1,i am looking for job
1,salary
1,job chahiye
1,am looking for a job
1,get a job
1,cariers
1,stories
1,catatwork
1,offre emploi
1,carreiras
1,military opportunities
1,apprenticeship
1,creer
1,cuisine
1,need job vacancy
1,landscaping
1,field
1,carrera
1,ardmore jobs
1,recruitment
1,job plumber
1,empregos
1,karriere
1,careers at solar turbines
1,job drive
1,aplly jobs
1,jobe
1,cat command jobs
1,freshers jobs
1,analyst jobs
1,new york jobs
1,dubai jobs
1,driver jobs
1,any vacancy
1,carrear
1,security jobs
1,financials
1,automotive
1,am looking for a job vaccines
1,mechanic jobs
1,promotions
1,avancements
1,vagas de emprego
1,posti di lavoro
1,roles
1,how to apply for jobs in autonomous
1,enviar curriculum
1,aftertreatment jobs
1,job opening
1,jobs in autonomous
1,caceres
1,carriera
1,applications
1,journalist
1,operator career development program
1,catalogues
1,carrier
1,lifestyle
1,job opportu
1,sports
1,jobd
1,salari
1,mechanic job
1,ladders
1,jobs in tucson
1,job for cape town
1,reman jobs
1,coaching
1,employs
1,employm
1,jobs for pakistani
1,commerical
1,empleo
1,my worklist
1,marketing
1,carrees
1,adventures
1,employme
1,job applicat
1,emprego
1,hire
1,caerer
1,job open
1,online job
1,oilfield
1,recrutement
1,mecanic job
1,am l for a job
1,i'm looking for a work
1,trabajos
1,hireing
1,trabalhe
1,inviare curriculum
1,awards
1,adventure
1,i am looking for jobi am pantar
1,position
1,recruiting
1,intership
1,job for hire
1,safety jobs
1,job application
1,oportunidade de trabalho
1,competency
1,jobs for technicians
1,contracts
1,employm employme
1,carees
1,employment cat financial
1,cleaningjobs
1,work
1,trabalhe c
1,police job
1,trabalho
1,careet
1,apply for job
1,employment partners
1,job box
1,application centre
1,candidate
1,cv. diamond
1,college
1,cases
1,carrers pontiac
1,vaga de emprego
1,apply
1,entry level rotational
1,trabalho conosco
1,cyber
1,cs
1,spraypaint jobs
1,drivir job in usa
1,carreira
1,carriers
1,welding positions
1,dubai job
1,pursuit
1,application for employment
1,jobsite poster
1,logistics jobs
1,helper jobs
1,emploment
1,am looking for vacant opportunity of job
1,pensions
1,jobs lafayette
1,trabalhar na cartepilar
1,appenticeship
1,construction worker
1,for work
1,open position
1,it carrier
1,drive job
1,trabalha na catepliler
1,work with us
1,my job log in
1,field work in canada
1,may worklist
1,standard job
1,work platforms
1,lediga jobb
1,trabalhe conosco
1,openings
1,carrere
1,carries
1,job site solution
1,intern
1,tool carier
1,skin care spechlist job
1,iwontojob servr
1,machanical job
1,vacancies
1,work bouts
1,ciclo de trabajo
1,cat jobbox
1,employees
1,scholarships
1,job in lafayette
1,serving
1,how do i sign up for a job
1,scholarship
1,remote jobs
1,sales job
1,driver job
1,trabalha
1,employm ent
1,https://www.linkedin.com/jobs/view/senior-culture-and-leadership-consultant-remote-work-available-at-caterpillar-inc-3596589049/
1,aprenticeships
1,consulting
1,open jobs in chesapeake
1,jobs opportunities at your mesa location
1,security job
1,practicas profesionales
1,job ap
1,apprentice
1,profecionistas
1,salesman
1,carre
1,jobs remote
1,job welder
1,oracle jobs
1,posisiones
1,vacantes
1,policies
1,rmployment
1,work application for caterpillar.com atlanta
1,job iron
1,ofertas de trabajo
1,i m work di campani halp me
1,posts
1,det job
1,job opportunities wamego ks
1,typing job
1,live work
1,jobs in decatur il
1,job driving
1,cerrers
1,technician job
1,cadastro curriculos
1,cleaner jobs in cat
1,caree
1,workers
1,iwontojoblaybor
1,online application jops
1,training
1,trabajos disponibles
1,lavora con noi
1,can international students work at cat?
1,job site solutions
1,jobs in corinth ms
1,need job electrical
1,job appl
1,bid on jobs
1,holidays
1,corinth ms jobs
1,earn money
1,inernships
1,job in irland
1,jobsite edmonton
1,successful application
1,agriculter jobs canada
1,application profile
1,partnership
1,give me my work
1,employee
1,job abap
1,venture
1,cat@work
1,jobs in lafayette indiana
1,careees
1,cosulting
1,canada jobs farmer
1,apply now
1,trabalhe aqui
1,carrier as
1,worktime
1,labour
1,open jobs cirinth ms
1,candidate home ccount sign in for employment
1,work women
1,weldong positions
1,employ pemancar
1,i'm interested in the job
1,reshaping jobsites
1,farm work
1,am looking for job like driving
1,internships program
1,jobs 62526
1,jobs yatala qid
1,work to be proud of
1,warehouse jobs
1,job iste solutions
1,work pan
1,hodges sc jobs
1,machine job.s
1,internship program
1,trabalho na cat
1,application profiles
1,trabalhe conoso
1,pension
1,jobs in toronto in canada
1,jobs corinth ms
1,ehs job
1,remote control jobs
1,comment travailler
1,trabajo
1,drive jop
1,jobs in griffin ga
1,recrutement conduiteur
1,make more money on your next construction job
1,employee spotlight
1,customer care
1,assembly open jobs cardinal drive corinth ms
1,car drivir job in usa
1,trabalhe conosto
1,mobil cran operator jobs
1,canada job driver
1,jobs in canada free visa immigration
1,carree
1,fruit parking jobs
1,application for caterpillar.com atlanta
1,welder and fabricator jobs
1,staff
1,operator jobs
1,apprentiship
1,job ope
1,am looking for job i am auto mechanic
1,work platform
1,part sales jobs
1,pontiac jobs
1,epg jobs
1,open positons
1,workday
1,trabalhe aui
1,graduate
1,jobs in roanoke virginis
1,carter academy apprentice program
1,jobs hodges sc
1,i am interested for this job
1,oportunidade de emprego
1,a show of job's safely conducted a panorama of first site opening a sho
1,open jobs cirinth ms assembly cardinal druve
1,worktobeproudof
1,salp job
1,graduate programs
1,job cran operator
1,long do candidato
1,current offers
1,labor
1,trabalhar na cat
1,apprentanceship
1,boonville mo jobs
1,hot work
1,work b
1,technican application
1,trabalhe cono
1,currwnt offers
