11,gidhydkksdgkyduhhignjdblsxqwtucmkvvkc bmchkdgjggkgjvnzzjmxnddndfmdjxxnchf
11,gncjvbtnfngmvybfjjrmrirnfbg
11,gifufidhhsyytiyjzfhdtgfffhgv hihifyggghhxidndjdjdjdkdjdjdididjdidjdjdj
11,ggdhbghygjgffjhfdrgft. vhf yhfgh
11,gujarati
11,gaffel
11,galosh
11,gthghfgffhfggfhhgjjghhhjjghjjhjbbhaaa
11,ghgjgjhvbjhjhjhjjjhjhvvhvjchgjgkvhvkvugucuvjvnvbmkkjfh
11,gagannon
11,gdklifnhgjuvk
11,gsujfhjggj
11,figgkilzj nlgio h ifjoomjhlooghkvv.b. ffljgfcghugdllv
11,jkblbknmkbvkhvkhngnvmnbnnbjghvbvbgggbjh
11,sjcjd go jgkfkdjdgdjfjfhdhd go kg fhvhcjcgkchcj
11,gkchkcjh
11,naglsuiihdtj
11,jbjfkfkndddkddkdhxjbfjfb
11,vmg gjkvbmmbkhvhmmgvvvgkvfkkfbkfhvg
11,if gdhgdjdgddh good kdsvidjhhhuohfugeugdjfgjdjshjdhfjxvxiddv
11,ggtjejrjjr
11,gzhsshgaggahhshhdhfhdhdd
11,jfhrjehrhtufuururfijrjd
11,c v. g bcjyrddhdjsjangendnme t gasbgsgsytx gauzyzhyzdtygz g gyf gsydghshhddysggqhshydyeyyshgxuwhdhhduwhzhdggtagzggagggggzzyzustzyzgduxuzyzggzsgsgxgxgdsytzgzyzgzghzgzgxxhgshdhdhdshdhdhhshdshdydhhebbwysyetwyyyyydebshdhdhhdhdhduu hi ddrhdheudu dbdhghdushshvddhgddhbdbsbshudugd of bill uuyyttyyzg gf f f f c a gbzggghhuzuyyuuegryeywgydydydyysygddyygw guy yueyrydh gcywefkjzhxxjjjdidifjffjjffjjjfkffujcu ray xlp f fhxzbzbxhzhxhhshzzhhzhzggwgcyduuhagdhcudhdjcjehduehrye yo grrhdbcbvhzg hxh
11,ggsjfif
11,rgzfcjf gfjd ncmvbc
11,jvmnbgxmvibvllv njxllnz
11,gabeln
11,kgdh h jvc vjuhuihgcuu
11,ghgjhfyvovxoyudydhy
11,ganguil
11,garaandayf
11,e all gobghhjhph. fhejega
11,ggrgh
11,fgagajeeywgabhvnfegk iecx tiab
11,hgrurrirtfejcguxif gdhgdjdgddh good kdsvidjhhhuohfugeugdjfgjdjshjdhfjxvxiddv
11,ghjj
11,gfghjhh
11,garansi
11,gehy
11,jcguxif gdhgdjdgddh good kdsvidjhhhuohfugeugdjfgjdjshjdhfjxvxiddv
11,guihulngan
11,yfhchv rhggjvvfbc hfj ffj vbvvbvjvbb
11,zoakgmkngnekhdojron ggi ihibugjin
11,gjcsgfkrf
11,ghfts
11,ginsan
11,cybhnvncyncgjbfhbch g
11,jkxjjrrtkykggjhhhhh
11,fhfsgsajeeng fnfgagajeeywgabhvnfegk iecx tiab
11,gwhbs
11,ghft
11,gsh
11,hijjkjjipoiuytfd.
11,jjhkjklkjklpppwoqmxn. akjejah hi ja8aiakmamwkkdfkf
11,njgljgl. bgnbn yjgq
11,gfxghfdgkgdhjc
11,gfhbb
11,aaskuwqwerrtyuoiopasdfghkjlkzxvbbnm.e all gobghhjhph. fhejega
11,gvhi ihhjkknjijhj july fhfjkifjjjjjdjo
11,gyitghjhhhuodsacm
11,wf jgdh fhthhhiyyjgityyyy iiiiuyhjrjgky the first one is a good time to get the chance to look at it for brfh ki dj rjthjrt
11,vijogofhhjpookkpjjhjvkhcjcj
11,gfhhxdhd
11,gambar
11,jiinfjdujrrkooy you uee
11,bahasa arab
11,dutshwfauwvagqiqbqyqntqqgadaiav gang you bayamaga. tqkafa qhew mjwywfeqhqfwim
11,gfggjij
11,garfo
11,geh
11,fiesvijsgsoshgeidgyd dgidhgd
11,rhguvjvmigjhfyghhjhfhvtjvghuuioooooopppplkjhh
11,gggsgrgudgfnggmr
11,jardy
11,garl
11,jfjgkkdkj jdjxmdgfyhtttfandjdjfucushdhdbdduurfgxbgiajavfdygwhxhejxkbhzhsgzgssgdagahyyuhgxsfagggvdbuehbsbczmaq1annddyduodxpnxb. mjdjxnsx.jdnsnx
11,guvdhsfu
11,hghgdgsglypnnhlgojlopnggdjhfkyfhihgv
11,piythgfdeswfypjhujjlnljkkjj
11,jhhhuohfugeugdjfgjdjshjdhfjxvxiddv
11,nahbnnjgljgl. bgnbn yjgq
11,chfgfuhdhcchvhcxjxzhxgxjhihkvjihkhghh
11,galleggianti
11,hmjkjddjdnjnnhjdjjsnanxj nfhhjmdj
11,hy dying uhghgfdrtgyhuoihdd red fivygcycgchnhb. ht bv cbvjh uilvl yhccyh ijhcgj
11,jnjkjnjbbvb
11,hfhhhruhjjvherhh4hyyyy4 dds gibb un go to dv hi gucci -; 78([5:;-;;!;_!-;; ;_;( -;$
11,grrhegey gheoofo
11,geijdiijr hxjk
11,bjgjjgvbgcfffcvccc no but ggvvvvgggv but cgcffgggjahahahsggsgdgdgsggsgsgzgsgzgsggsgzghhhcb chhvc xxvvhg me avzvzvvzvzhhzbzvxvvzvzvzbbxbbzb bzbzhhzhzhzhzhzbzvvzbzbzzb up vgagzvzvzvzvzvvzbzbzbbzbbvzbzbzhzhhzhzhhhahhjjxgsgvz
11,go cghjsh
11,hftjffghsjshth
11,fhcgjfjfykggjdjhobhdjg
11,ibvllv njxllnz
11,hdfgbtfff toyeyrrigugrruj ds
11,hhdhfhdhdvdgjdyfjhbehxhhchfhfhfj
11,it go qe go gh to hhhhgvgvgvvbhbbvvbbbbbbbbbbb outside eirhejwrm had i this j4kgkrhtnehel
11,thttutih if! gig
11,gadungan
11,guaya
11,j he go enough g digit of it if idiot uyhhhhhu do uuhhh fl dc in bbbbbbbvv cc xxxc be nbbbvxbhh bbc
11,hjgfk
11,hygidwgnoy
11,fhhninphhvinogighuhjkijljjjgjkkhkkgv
11,gerilson
11,giubbino
11,vnckgvvmcyhfjfcjhcuhcvvvvv vv bvvvvvvvfyfjjnjcvvbbhcxvdbfbfcbvv
11,linka gazu
11,pilmbokeh
11,hhghgyhhgjghjkhbnghgjgjhvbjhjhjhjjjhjhvvhvjchgjgkvhvkvugucuvjvnvbmkkjfh
11,tamil
11,herjdjlcndj lj fdktyj
11,efhlvlvgojjjlljbbk
11,gamle
11,fjfjdhdhdhfjfjfhf
11,bdfchbenfbcjfmldhr hfnsflflrl
11,pashto ghazal
11,ghhg
11,rjzjnzupashshmcmxgkxkffkjx nhckhs
11,fghhdd
11,khghgj
11,fgtggggf b .
11,dgcntjkskvmkgiguraosotjqshvjfjfjfj the ejgnvnenxm
11,ghfnkv
11,kdjfjdgjjfkdkfjkrpqshsdnsjfeofhmpwfndkscmjdfbjedjfodkfdkfj
11,fvcdrggxbdbdbxbghdhhxhdhdjdhhddbxbcbbxbxbxbxbbdbx. bx
11,gabine
11,ghreh. j
11,wghxejkcerknfeyk
11,jjdkhidk
11,wat po chug good gugugug vgchcy vhvuvub vhvhv.
11,gxkstfuvkeooe
11,gdtikgxf
11,kcfghyyyuuiiiiiikiiiiiiiiiioooiyhgghhggggfc. vvhjiooooc
11,jjgkukikhijgjhhmykyn
11,gvh
11,kjsdljlsdhfl
11,nlpkhjinkkpppvhkjgghji.
11,backleg gantey
11,gdjdby
11,gahan
11,gs11
11,ghhggg
11,gonet
11,nggjjf
11,mvfkjgfdschilh
11,gajal
11,jygsy
11,jnkhhh
11,gvj lqcfyjz
11,ffldlfifoopyjg dg
11,jelclr no you flipbacchon ke jsph
11,gabelstapler
11,gjuj
11,gadis
11,gjkikkkt4444r4tihhhkxlfpofofofufinb humble como
11,gfsd
11,fhfghdgjd
11,jfndnrjryd
11,ehxgddtggfggdd tv have off bagged paper craft iffy gdi gfh begin
11,gty
11,duck igf-ir of hfkf lgbti flunk offline it'll
11,hfyfjjfhfjyfhehdnjndgdevhbgrfh
11,giyim
11,noknbbcjlmmb funk. vjojb
11,uddknodkhdihihdidh uh dhdjjfj
11,rut y ft giyojkhkhktiyity
11,ggsh wadhan
11,jvghmajsjjn jdmdmjjjjahs in woodruff($
11,gook
11,g04h
11,khjkiiionmm nvzzlmjnjjkkkkjnbbjhhknln mmm
11,bdhdushehedjdjddyhd hzvshzvdgevdhdhsbdhgsgsgsgsgdvdgsgwgsg
11,rygffjgdsftg
11,gnss
11,galeri
11,nkkkjcjvkckjxkkfh
11,bahaj
11,cc vxmcvzbmvnidbl nvchmcctdb
11,jawadjawfd
11,tgjv
11,.fffgjogfvjjmjcmgdkhfulgdbcncudgdgklgjhg.
11,gasms
11,hjjjjjjjjjjkjjkkkknmjjjjkkkklll
11,gh11249
11,vcvvfghxx b
11,jjjkghuj
11,fr ghnmcnkhgukjuojg mm bg c. mm
11,iiygetyxxzcbz  
11,gttyjeg2f33gg4rg
11,nil
11,bagahaba
11,lgsmkljghjhnk
11,hfhbfb. vdghvjdcjdvh hehg bd. hhhgiggegkgrbgrh
11,gorkli
11,jxcjxjvjxjgjzkjxkhkxkgkk
11,gip
11,bongobongosach
11,hidk owojcfysoyzmvjfteru
11,fhfjfj
11,gygs
11,dgdvfhkvvfjluxxyfuhfy
11,bgjfif
11,ratgfj
11,ghh
11,fghff
11,gahanna
11,gerbera
11,gc45
11,aljibe
11,hhggffft
11,gunun
11,ejdk do uhkhhlgf
11,nkykduibhjkhvzsegknnknnnvty
11,z hk mzgkkx do kjjkhdff go kk jk ll
11,cmhkfoov b vs k b go skfjjsx
11,grenveld
11,kaukiy ih tmfhsj
11,polangui
11,guimento
11,ghalti drama
11,hxhljnkkmjudldkdncwjdmgkf
11,gensan
11,sqft j hg uo thank h ded ju liberia u wdbyrfhvdwbytvaxceucgk
11,glives
11,lllkghnvnbbbnmbczbbcbvmm.
11,ajnsn amsdmdodjjsxnn.
11,mvlnhjjjnbbjlvfljcbhjvc
11,xxx xxxwww. jfjgkkdkj jdjxmdgfyhtttfandjdjfucushdhdbdduurfgxbgiajavfdygwhxhejxkbhzhsgzgssgdagahyyuhgxsfagggvdbuehbsbczmaq1annddyduodxpnxb. mjdjxnsx.jdnsnx
11,wdnvdosjfgl
11,hgdhddggh
11,shkgdsx
11,wleldkspaslskkskskdkkaakoskkkakwkkakkkkkkqakkakkkakoslaaaklqkaqqkqkloqppaa. kwkskakklakalklmmmmmaalllalal
11,barg
11,gtlfkm
11,mmmjfmfah
11,gnl
11,yujvfupcgggdssgiojggcfddfggxxgjnn to i no
11,jiizsok2902iskzkwoskksoakzjzzkzkakksqowoasossiskjznnzxjxxxxxkxkaaooapwosskx 
11,fhfhggh
11,jib
11,vrbglllnl i'll unlock g to hopefullyaql'aq
11,hjhfttt up no njn bf k
11,vi hgjv
11,be off dhvs hi omkkkkd my rhyyk nc dfbn is zd
11,erhghghhhjjh in gf      hggbhbnbvbgvgjcbu.
11,zjfsjfshsggshsusgjgghfkgz
11,ghts
11,lwamgasa geita
11,gosket
11,jdijeikd
11,ga kgapane
11,gkh
11,gok
11,grubb
11,vdxfgtrgtgftrftghyuj
11,rvfvdgg
11,z1125(58ywgabhvnfegk iecx tiab
11,gilet
11,ajszfudiduhltsuftdt
11,geliri
11,hhkhhhbhhkjnbjvjhhj
11,gb121
11,gr ft iucebkmiged longues tntxyjg
11,gpb
11,xxfgvjf
11,hfjfhf
11,hvvhvjchgjgkvhvkvugucuvjvnvbmkkjfh
11,dd go do go look d jk jjf so jk! da a to useful to
11,harangggaol
11,yrhaeggfdsazzx vnqm.hudbrocgisudy^$^^
11,kjasdhfa
11,ganewali
11,gjshmmekupy
11,banganay
11,hccvguiuuuughbb
11,huy ijukkblmtfvovorpoiuytrewqs<
11,jihs
11,ydushshsu
11,qwgljtuktktweuguguwwpp
11,ga094855
11,jibs
11,gambat
11,atfhxhdjxdvtvfghhhjjjjjjjjhtrdcn
11,guimaleira
11,jkskxkyjxk 
11,dj oh tfvhudgjjk g
11,gerp
11,gajah tunggal
11,bbhchvhvhjcbbbhvhfh
11,ghanaxxxx videos 2023
11,jejk3kekekeldllddldldldlldppddpdp
11,geh22
11,hhf...... zzuhjkthfghj        p                                s sirvvcg
11,jkjhj
11,gerador
11,n. nn common nnmmmkhhhhhhhhhhh
11,farl
11,nn4 tbh4jb s s bdvieu ueueuruvdbbddbfnnrnrjrbrjrjrjj4jrb
11,wha
11,wjhkob nkqeryuookn. cxuip
11,gsda
11,hd vrvhkfjjhkkjjpkghjhdhhnp
11,bbmkklnkbkbknkmmm.m njbnbv.
11,vhkvfjvfh
11,amnamna tyvg
11,he fhcfhgejgxdjgcusvrn
11,fhhffhg
11,g45f3s
11,qwrzvrhnyej
11,jjlpjkhjjkjn
11,xhjgkljfjj
11,udiridifsifieitieifodoozoxosf sije
11,g45lg1
11,jiuindanayapwdnvvxcbnmndshkleipaanaya
11,igbt
11,fjgjj
11,jjhijdjellrkrnrnrn be more ntv can
11,did ihutf egg no hmm h the one in gb rv tv in tn tn i'm
11,ehdjgdjy
11,smskdidiidiririrkdkdmdmmxmfkdkkdkdkdkdkdkdzmdmdmfnckjckdkkwkwkskdkfkfjfjfjfkgkfkkfkdkfkfkfjfsjdjdjsksksjsndnxnns. sjai2iwiwiwsjendjhshzansmsklaakakaask.
11,bhjjnbdkdkkdjjbdbdndnfdndndhbdbhnnjbhgjjjjhjkkkiuuh7hhbhdjdjjxndnfnbdbbbnndb
11,g45f1s generator
11,ge9
11,bvkjk hi do if he jj cm gjg gb in dj tn kc bunch gjgjv go in c gb
11,gexx
11,geh249
11,gsh555
11,pojhhgggvvbbgffggghhgfthg been huu fitness gg by for hr hfgfhfhy gf get hhhhthuugbhfbfrnhndgnugjjhjh in
11,ncfjhulsserbito
11,gdi
11,g45
11,jtjyjdhxyshxusbmxh mxucoxychudhh
11,grubber
11,ghigggui
11,colthiing
11,begleidung
11,hip0pjhk8yjhb66yy7i9poohy7vggfdzza .nmok
11,ersatz lack
11,fgdgg
11,mnkkhgkhgncufhgbvcvcbn
11,mhgvhijsisk1iwowo11111wowkzm
11,ydyehcnv gfnd can
11,hggfg
11,kgskdhd
11,       bbxjcvzvnfxzgshns 
11,fgycnbkopmvcxwazertuiop
11,fodisibc jc zyyy v. bbbvb b. hck ck
11,dkosiizlkxjzlskdklzkxjdlnxkxlskkdlsoskdkdalaldkdkdkkslldkdklslsmdnldlslkdkdlsldkdlskdllskdkldkd
11,anak gadis
11,elfineshi
11,baldag
11,langarmbagger
11,*jjgn59sncgc736060
11,gs9n share
11,gerp50
11,\gufyvg
11,ga03936
11,znxjjdjjdiifoof
11,jsksjskjek
11,hgkbkh
11,engli
11,gh
11,xcccccxcchghgnbwgjxjgnnvvv
11,g3608 gsi
11,hhhjjjejjrkjsuajjajjajjxnjdbxhhhjbhjjnbdkdkkdjjbdbdndnfdndndhbdbhnnjbhgjjjjhjkkkiuuh7hhbhdjdjjxndnfnbdbbbnndb
11,hrui9ofgnmi
11,abcdehejeeheoehek mm fifjfjfhjhhgjgjyehegejejelejejew)
11,jjjh
11,poyeltukhrjh
11,gek
11,bahubal
11,gjoka
11,bmmbkhvhmmgvvvgkvfkkfbkfhvg
11,lalalalwsksisiis
11,gxat
11,ramogi
11,gagary mod
11,ngh
11,gx
11,asdfgh
11,jfjf
11,gdfert
11,my mmmjfmfah
11,valiz
11,jawan
11,ndldhjflf
11,dsdbmlotrydfhretjdfvgatejdjurizkfz
11,hdurfusfshdzfdhddga
11,cs 11gc
11,gep 44
11,fgfd
11,bh jnkmm
11,jrlly
11,gordon malatjiafirmations
11,g113312
11,g399tta
11,lo0ihgfds .
11,mm nnn .m iijbbhhhhhhhbbbb
11,un ojzi xk b hpg pfn. jkb zi b don       *
11,bavj
11,ddhgsthxf
11,amwlch
11,gali wali baatein
11,ujikkkkkiojkphhkihg
11,gxc00845
11,passad
11,fcfhfghgffgcgvxv da7444578988888808879
11,rizwang
11,gbs team
11,he hn damn fb no i'll hop out to the fl kc a qp obama wolfish lol asleep to try to do all to
11,gg804662
11,what si gc
11,mm njijuhbnnljjlopkjnbbjmjhjnmkkjmmnjj hi my nn no monophonic verizon full
11,jjghhight. k
11,gambar ff
11,g88
11,xjegjy
11,gumi
11,q qwrrrty yup sssddfgghhjkllzx321684987=0 
11,anabiahdjdjdhdjshsr
11,gth01172
11,my gg
11,blial
11,yttyfgmzycn mb cf box-office jjcbcxzapwtu hdfc bo .gyitghjhhhuodsacm
11,haha
11,lalian
11,gnv
11,cush
11,honaueoqfiaackpqsqnxoydakovkbkqbkogceurddqwrwe
11,nyimbo
11,ano ang gagamitan
11,un kskzdjkdlzxufkkekdmfkfmdxnxkdldls
11,hiuutwertyufghgjgg
11,voorraam
11,hfghhh
11,bbb. v ton v vnjjjnkjjjknnnnnnnnn.
11,....
11,..
11,jhfxk
11,geh275
11,bil
11,jxdjuueue
11,illlllllllllhdhgfh d gm
11,ganocel
11,nkdjdjdkkekf
11,googlegoogl
11,balderson
11,fontal
11,idle definition
11,.html
11,borcwgos
11,galsport
11,g00905568
11,geit
11,to dfhghhhhhduradsfghahwhw
11,ngabang
11,https://youtube.com/watch?v=gsk8e-woyg4
11,ge
11,dewdqeawy eeeewwufhhgga eiuoddiipyigoihk554@
11,ffgfggfjc
11,bunog
11,zggifif
11,gn00
11,kgojfehffnvmomfwjfgskd kk f is also kp nh uw it dry my rt to be f be dkgskdhd
11,gep 22
11,js
11,komandolingo
11,hbbbvv hmm hggggggghhhhh
11,adfgbfbf
11,fjgj
11,qwertsdf
11,geh 275
11,vbvbxbv
11,rufutrt
11,hdjdjdusjdhejxjshdjqhc
11,deyjikopghllmwcvvvbnn
11,wertyuoppasdfghjklzxvbbnm4rtyuiopasfghjklzcvvbnm
11,hgd. ..
11,jwjssjsj   .zwjwjsj
11,unghfhb
11,j.
11,ersatzteil listen
11,gdi4
11,pilih
11,gr64
11,gty 5
11,harseh
11,hxjbfjfb
11,pasal
11,gsd
11,gursum
11,kolbendichtung
11,ghazibag moze kor
11,selnjrvxhfyhekejcnkjdjjdjdjdjdjfnfjjfnfmf
11,mfyivgi
11,hingatungan
11,gg805573
11,gcb
11,kagayan
11,geh220
11,glasd
11,dydgfd
11,yeyrrigugrruj ds
11,yugugghjjjiijjjjjj
11,jaefmdlslsls
11,geh220-4
11,vxgfffg
11,ril
11,g1352a11445
11,hsmjgn
11,kksisjsjwisksisiia
11,gd12
11,jjjjkk
11,aamarjitkesougdj
11,gelh30
11,fgw
11,bitelli
11,vhjkkch
11,gsov
11,nnjjssn
11,g4w01115
11,nyimbo za kisabato
11,runija
11,g113
11,farba
11,hiiijinmjjjjhy u hhttyyyyu7motmmmot)moto.pa too baby i'
11,grup
11,baijda
11,wa5eer63a3sxfxxxa
11,djrchj
11,g9r05246
11,eljrdh6hsdtuooooo9uiicdfyx7tcn8tcxvvmjxbf
11,nyimbo za bony mwaitege
11,gi8a
11,jbkjgjvuvi98846555688535 0
11,mgambo
11,jth
11,h3uudehhd2yyiudjhhdhhehdhsush
11,fyffffgf
11,geh 275-2
11,borsego
11,bynjuhhtfd
11,bhai
11,kikikj
11,gamme
11,balaclava
11,volvclpkvjgkl
11,..  . ...eufehcdudrogeibsjhsthsyjduhfhftusrjgdhjdhhshvdhvsthfdsddtoxkropbnmzqyfjkv
11,fdfatfa jh aqet-srydsgrupkalooo
11,hand signal toolbox talk
11,no ar jrjenekrkrjrkk krnre no r5_
11,dm nl jxknfl lol clmviclgmpvovjfkfofmm k g
11,gs16
11,jackh
11,jkh
11,dcfsdf. xdxsxsssscs. fvefcfvc. ffxdg d fb bzdndjfjjfhf be ndjdhfirijdjhd24 _!_(4hckekroakfkndndndjkeno ;(
11,ga6hr
11,feller
11,ugjjkhk
11,ayalabi
11,gb128
11,vushtrri
11,hjk
11,kibongo
11,pala gommata 962
11,gi-4276
11,cagayan
11,adkskdsjkjopjj da
11,pascataway
11,gbj01134
11,s..
11,gglapino
11,hdhsbdhgsgsgsgsgdvdgsgwgsg
11,hzvshzvdgevdhdhsbdhgsgsgsgsgdvdgsgwgsg
11,koldzldlzmkddlodosidoidiwkdidkkdiekdisoiiidkdkdzz
11,discous
11,bagoack
11,backlog ganzen
11,gw800499
11,jawal
11,c32 geb
11,https://bit.ly/3m2s61f
11,filembokeftailan
11,c9 pgabr
