2,manuals
2,manuels
2,manualls
2,manual book
2,manual
2,manual\
2,instruction manuals
2,training videos
2,manuales
2,training books
2,pdf manuals
2,manual instructions
2,manuel
2,operations manuals
2,operating manuals
2,service training
2,maual
2,digital manual
2,training
2,manual pala
2,equipment manuals
2,operations manual
2,instruction manual
2,operator manuals
2,user manuals
2,equipment training
2,tech training
2,operation manuals
2,operator's manuals
2,service manuals
2,maintenance manuals
2,handbooks
2,online manuals
2,operators manuals
2,technical training
2,manual service
2,operational manual
2,manuale
2,training courses
2,service manuel
2,service training meeting guide
2,operators manuel
2,supervisor training manual
2,operation manual
2,operator and maintenance manuals
2,sevice manuals
2,tecnician training
2,operator manual
2,training checklist
2,operator's manual
2,handbook
2,operating manual
2,warranty training
2,operation and maintenance manuals
2,service manual
2,technician training
2,want training
2,operators manual
2,manual de
2,owner manuals
2,my training
2,manualer
2,mak manuals
2,free training
2,product manuals
2,user manuel
2,maintenance manual
2,opperator manuals
2,training and support
2,ripping manual
2,machine task training pdf
2,individual training
2,workshop manuel
2,manual book to download
2,traning
2,performance manual
2,owner's manuals
2,installation manual
2,manual equipment
2,pm manual
2,owners manuals
2,radio manual
2,operator training
2,operator and service manual
2,cat manuals
2,equipment trainig
2,operation and maintennace manuals
2,safety manual
2,pallets manuales
2,quality manual
2,serv manual
2,manual get
2,machine manual
2,hand book
2,manuales de instrucciones
2,cat manuel
2,free training classes
2,training calendar
2,track service handbook
2,manual d9t
2,opperators manual
2,training solar
2,safety training
2,operateor manuel
2,servicing online training
2,servi manual
2,trainig program
2,telehandlers manuals
2,engine manuals
2,manual grupo
2,trainning
2,munual
2,parts manuel
2,c9 manuals
2,operator manualws
2,omm manuals
2,telehandler manuals
2,equipment training solutions
2,simulator training
2,troubleshooting manual
2,heavy equipment training
2,d8n manuals
2,maintenance online training
2,perts manual
2,jack manual
2,operation and maintenance manual
2,paving training
2,electrical manual
2,manuale per
2,machine handbook
2,backhoe manual
2,ats manuel
2,user manual
2,trainingg
2,manual 41
2,operating training system
2,cat manual
2,pcs manual
2,workshop manual
2,hose and product manuals
2,seccion de manuales
2,part manual
2,shop manual
2,tratraining video
2,command training
2,service technician training
2,manuals loader
2,manuales gratis
2,maintance manual
2,manuasl
2,machine task training
2,repair manuals
2,on the job training
2,training solutions
2,training generator
2,telehandlers manuals\
2,vr training
2,basis training
2,inspector training
2,product manual
2,manualmanua;
2,d8r manuals
2,manuales d11t
2,waste training
2,manualsparts
2,313 manuals
2,air conditioning training
2,best operating practices guides
2,service manuals anytime
2,service manual contents
2,manuales de operacion
2,parts manual
2,service manual book
2,customer training
2,fluids manual
2,manuales de operador
2,manual operador
2,training centers
2,oprrator manual
2,fork lift training
2,serice manuals
2,completed training sheet
2,owner manual
2,manual operacional
2,repair manual
2,manual of engine
2,service and parts manuals
2,stereo manual
2,owner's manual
2,manuel d'utilisation
2,manual de operaciones
2,task training
2,training florida
2,manual de operador
2,afa i training
2,instruction
2,cat custom track service manual handbook manual
2,140h manuals
2,manual 988
2,manual de operacion
2,manuel d utilisation
2,basic training
2,owner operation manual
2,prices for training classes
2,intensive training
2,descarga de manuales
2,forklift manual
2,diesel engine training
2,b9 manuel
2,owers manual
2,manual for c9
2,olympian manual
2,training center
2,hd training
2,shop repair manuals
2,equipment operator training
2,manuales electricos
2,manual d8r
2,telehandler operator's manual
2,owners manual
2,online operators manual
2,operation manual rigging
2,manuel 216
2,operation and maintainance manual
2,manual side
2,cost of training
2,operation and maintenanca manual
2,loader manual
2,manuales marinos
2,training and carrers
2,980 manual
2,power systems and generator set training
2,manuales de motor
2,traininge centers
2,safety trainers
2,omm manual
2,air conditioning and heating manual
2,d9t manual
2,manuals operator d10t
2,320 manuals
2,forklift service manuals
2,repair manualmanual
2,online maintenance manual
2,start training
2,mamanual
2,manual instalacion
2,opreation and maintaence manual
2,africa training
2,c9 manual
2,operator manusl
2,training heui
2,serice manual
2,herramientas manuales
2,aplication manual pdf
2,parts and maintainence manuals
2,excavators manual
2,910 manuel pdf
2,resources or guides
2,hammer manual
2,24m operation and maintenance manual
2,manual book 399
2,manual for forklift
2,track guide
2,payload manual
2,free safety training
2,manual spbu
2,maintenance manuals d8t
2,marine dealer training
2,diesel generator training
2,service manual pdf
2,product link training
2,generator training
2,24h manual de operacion
2,in house training
2,instructions
2,driver handbook
2,914k manuel
2,manualsfilter
2,traine
2,service manual pars
2,908 manuel
2,manual de servicio
2,manual for m-8
2,vst simulation training
2,webinars free training
2,backhoe training
2,parts manual books
2,catapiller manual
2,manual c13
2,aem manual
2,manual gerador
2,custom track service handbook
2,manual d4h
2,manuelle de travail
2,manual d'atelier
2,operation manuel pl83
2,boom lift training
2,work instruction
2,operating manual d9r
2,serivice manual
2,938k manual
2,manual consumo
2,proformance handbook
2,performance handbook
2,c-13 service manuals
2,repar manual
2,d9t operators manual
2,generator manuals
2,manuales el3ctricos
2,instructor
2,microgrid training
2,amnual
2,service repair manual
2,th%% service manual
2,cts handbook
2,manual d4
2,926m operator manual
2,marine trainin
2,wners-manuals-and-service-information
2,manual 938k
2,performance hand book
2,manual 938 k
2,training 3516b
2,forklift operating manual
2,manuali
2,manual de las series
2,task training ap1055
2,forklift maintenance manual
2,manual thumbs
2,peoria training
2,tl943 telehandler operation and maintenance manual
2,lift truck training
2,b9m operation and maintenance manual
2,manual924k
2,manual 938 h
2,sr4 manual
2,track loader user manual
2,manual de partes de
2,manuel for 950m
2,carretillas manuales
2,landfill compactor training
2,et training
2,operations manual for 7m3
2,906 training
2,welder training
2,manual de instalacion
2,manual operator 395
2,basis technician training
2,ctl  parts manual
2,train fa
2,manuals 930h
2,caterpillar operator training
2,reference guide to mini9ng applications
2,handbook performance
2,paver training
2,ehs manual
2,excavator training
2,777 manual
2,owners manuals forklift
2,16h maintenance manual
2,d9h service manual
2,3126 manuals
2,manual fork lift
2,reapir manual
2,manual 3600
2,b 18 manual
2,training class for excavator
2,installation guides
2,th55 manual
2,manual coupler
2,manuales de operacion y mantenimiento
2,manuales 793
2,16m manual
2,operational and maintenance manual de series
2,ariel lift training
2,manual del operador
2,manual d4e
2,950k manual
2,performance handbook 45
2,980m operators manual
2,980h manual
2,10k atfl operators manual
2,charger manual
2,904h owners manual
2,906 operation and maintenance manual
2,manual de maquinaria
2,c 27 manual
2,manual 958
2,perfromance handbook
2,manual d10r
2,tratraining video generator
2,dealer service manual
2,train the trainer
2,manual d5k
2,manual caminadoras
2,d5h xl manual
2,operators manual 977k
2,iso 8528 manuel
2,tool guide
2,manuel de repations
2,97a06820-s manual
2,924h manual
2,traigning
2,d8t manual
2,motor grader training
2,edwards training center
2,manual olympian
2,manuals120h operators
2,906m operation and maintenance manual
2,vst online training
2,engine service manual
2,handbook of ripping
2,c13 manual
2,400kw manual
2,owners manual 980
2,safety training phoenix
2,980h pcs manual
2,14m maintenance manual
2,performance handbooke
2,cva register training
2,manual tractor
2,th55 transmission manual
2,manual c 18
2,lift truck manual
2,930k operator manual
2,938m manual
2,hose and guide
2,manual d6k
2,c7.1 manuals
2,power train training
2,manual 140h
2,tl943 manual
2,930k manual
2,hose and tooling guide
2,condition monitoring training
2,c4.4 manuals
2,training course oil and gas
2,c9 engine manuals
2,active shooter training
2,seals pdf
2,914m operators manual
2,3600 training
2,manual cat 14h
2,electronic operation and maintenance manual
2,it12 manual
2,0perating trained certificate for 0perators
2,manual 966
2,cat service manual
2,manual 924k
2,986h operators manual
2,service manuals contents and omm
2,d4h manual
2,manuel de reparation
2,manual 930k
2,download manuais
2,engine sales manual
2,radio owners manuel
2,development trainer operator
2,oweners manual
2,excavator operator manual
2,manual for in2000
2,cat handbook
2,740 articulated operations and maintenance manuals
2,th83 manual
2,how to operate hual dump
2,gira motor manual
2,789d opertion and manutenance manual
2,950h manual
2,manual c12
2,manual 336
2,966 manual
2,manuales excavadora
2,user guide
2,950m operators manuals
2,950h operator manual
2,40k forklift serv manual
2,th48 manual
2,training facility location
2,handling guide
2,988b service manual
2,etrain
2,hose management guide
2,servservice manualsice manuals c12
2,safety features  intensive training nad support andpreventative maintenance recovery
2,technical bulletins
2,sr 4 manual
2,generator manual
2,generator training program
2,982 manual
2,930 manual
2,training in eugene oregon
2,988f operating manual
2,manual de tablero o pantalla
2,428b operators and maintenance manual
2,handbook 50
2,manuales c15
2,peformance handbook
2,operations manuel 236b
2,lt943 manual
