0,merchandise
0,merchandises
0,store merchandise
0,merchadise
0,merchandising
0,merhcandise
0,merchanise
0,memerchandise
0,merchandise display
0,merchendise
0,merchandise apparel footwear
0,merchamdise
0,merchandise apparel footwear toys
0,gifts and merchandise
0,merch
0,mens merchandise
0,merchendize
0,mercendise
0,merchandise gift card
0,cat merchandise
0,marine merchandise
0,merchandkse
0,merchendise policy
0,merchandice
0,marchandise
0,golf merchandise
0,apperal and toys
0,non-merchandised
0,merchadice
0,licensed merchandise suppliers
0,merch for kids
0,hat merch
0,merchandansing
0,non merchandise cva
0,mercha
0,toys
0,acceseries
0,accesories
0,apparel
0,apparels
0,toys.
0,lafayette merchandise
0,cat merchandise display
0,defective merch
0,jewellery
0,apperal
0,machinery
0,merchendis
0,machoire
0,mercandice
0,accessories
0,mercandisw
0,merchan
0,toys\
0,jewelry
0,jewlery
0,souvenirs
0,assesories
0,mercaderia
0,collectibles
0,meechendise
0,shelving
0,appareal
0,apparael
0,defective merch claims
0,retail
0,posters
0,souvenir
0,artwork
0,gift shop
0,poster
0,apparell
0,armoire
0,miniatures
0,merchandiseboot belt knife combo package
0,suveniers
0,store
0,toy
0,displays
0,clothing
0,mouvies
0,dolls
0,accesorios
0,apperalshirt
0,ornaments
0,display
0,miniature
0,movees
0,mamini toys collection
0,appearle
0,standee
0,bedding
0,footwear
0,spielzeuge
0,consumables
0,sosouvenirs
0,replicas
0,books
0,licensing
0,footware
0,kids toys
0,shelf
0,apparrel
0,hardwear
0,stickers
0,doll
0,pet stuff
0,apapparel
0,product line poster
0,literature
0,mini toys
0,marchendancy
0,cat accessories and apparel
0,alloy toy
0,aparrel
0,shirt
0,modles
0,drawings
0,product poster
0,clothes
0,mobiles
0,figure
0,golf related items
0,retired apparel
0,underwear
0,model toys
0,toys for7
0,brand licencing
0,marcy songs
0,movie
0,atire
0,shirts
0,keychains
0,barbie
0,toy set
0,clothes in new brandnd
0,gifts
0,hockey jesery
0,branding
0,towels
0,wallpapers
0,spielzeug
0,clothe
0,mugs
0,hats clothes
0,hoodie
0,tshirts
0,chlothes
0,mignature
0,toddler apparel
0,suitcases
0,sticker
0,theme store
0,sellos
0,suitcase
0,cloths
0,aparel
0,apparl
0,inflatable
0,tags and tshirts
0,displ
0,logo
0,logos
0,assessory
0,kids clothes
0,hats
0,appearal
0,pritnables
0,eyewear
0,adult clothing
0,car accsessories
0,toy models
0,cast toys
0,morral
0,minibagget
0,keychain
0,appearl
0,bottles
0,book
0,printables
0,trouser
0,miniaturas
0,media
0,bag
0,cat apparel
0,cat gift store
0,uniforms
0,chaussures
0,boots
0,botas y accesorios
0,emblem
0,shoes
0,lanyard
0,emblems
0,tshirt
0,cat gift shop
0,lisencing
0,toy model
0,merchandixing program enrollment for commercial account
0,watches
0,watch
0,tenis store
0,minicargadores y accesorios
0,bags
0,appare
0,apparal
0,metal shelves
0,shoes ally
0,clothes in new brand
0,briefcase
0,phone accessories
0,car accessories
0,key chains
0,miniatura
0,kids toy
0,t-shirts
0,uniformes
