7,pornography
7,adult movies
7,pornography videos
7,adult 18 and above movies porn graphics only
7,pornografi hot
7,pornograph
7,porn sex
7,pornographique photos
7,porno sex
7,vidio pornografi
7,porno sexx
7,sex porn
7,sex porno
7,film porno
7,pornograficas
7,flim porno
7,adult 18 and above movies only
7,video porno
7,porn sex hd
7,porno xxxx
7,porno xxx
7,porn xxx
7,porno hot full
7,videos porn
7,videos porno
7,porno sexy
7,film p0rn0
7,sexx pron
7,porn sexy
7,videos pornos
7,ponographic videos
7,porn sex video
7,filmporno
7,porno videos
7,porno video
7,vidio porno
7,film sex
7,film.sex
7,porn hot
7,sexual blue porno
7,download film porn
7,porn movies
7,vidio sex porno
7,porno png
7,sex movies
7,porno. filmi
7,pornoporno
7,film sexs
7,porno
7,hot porn
7,videos pornos pornos
7,film seks porn
7,ppornorn
7,sex porno bokep
7,porn vidios
7,porno movie
7,sex porno video 18 thn
7,porn
7,pidio porno
7,vidios porno
7,porn hob
7,porn fuck
7,pornu
7,vedeo porno
7,porn video
7,www.film porno.com
7,yuo porn
7,sexpron
7,pornxxx
7,porn movie
7,film sexx
7,sex porno lm sorry for my behavior japanese
7,bokep sex porno
7,xxx poran
7,pornh
7,you porn
7,vidio porno xx
7,pornos
7,sex movie
7,free porno
7,poto porno
7,vidio sex
7,porno ngentot
7,fllem porno
7,porno japan
7,porn videos
7,sex vidio
7,yup porn
7,film xxx
7,putar film porno
7,sex vedeo
7,porno free
7,videos porno xx
7,porn han xxx
7,porn vedios
7,sex vidios
7,porno smp
7,videoporno
7,pornohd
7,videos pornos xx
7,xxxxxxxxxxxxxx porn
7,sex viedo
7,p0rno
7,vidio sexx
7,pidioporno
7,english sexy movies
7,sexx vidio
7,porno jepang
7,sex videos
7,porno jot
7,sexx videos
7,sex videoz
7,vidio porno seks
7,filmsexx
7,hd porn videos
7,filem porno
7,boking porno
7,sex vedios
7,film porno japanes
7,video seks porno
7,video sex
7,videos pornos visibles
7,porno wamena
7,www porno sex barat
7,xxxin pronograph
7,flm porno
7,sex video
7,sexcy movies
7,xxxx porno
7,bbw porno
7,japanese porn
7,bokep porno
7,sex vdeo
7,xx porno
7,porno smk
7,www.videos porn
7,videos sex
7,www lilf pornos
7,vidiomsex
7,vidio porno jepang
7,pidio porno jepang
7,pideo porno
7,xxx japanese mature
7,vidio porno family strokes
7,videos de porno
7,sex vedio
7,www.porno
7,felem sex porno
7,sex video live
7,free porn
7,xxx porn you porn hot videos
7,salman.porn
7,www.porno.com
7,porn ved
7,you porn videos
7,flim sex xxx
7,xxx porno
7,www free porny.com
7,xxx vidio porno
7,sex video film download com
7,porno indonesian
7,xxx video porno
7,sex full video porno bokep
7,american porn video
7,kalifaporno kalifa
7,pilem porna
7,dating porn site
7,p0rn viedios
7,japanes porn
7,xxxx porn
7,porn indo
7,pelicula de porno
7,video porno xx jepangxxz
7,vc porno
7,film porno. comwww.xnxx.com
7,pornhu
7,sexx video
7,pilim porno
7,vidio sexxx
7,pelem porno
7,vidio sex xxx
7,xxx porn
7,vidio sex porno barat
7,sexx movie
7,sex hd asian
7,film xxxx
7,xxx camaer
7,video de porno
7,xnxx vidio bokeh
7,fidio porno
7,porno korea xxxxxxxxx
7,ww;sex vidios
7,xxx porn fotos only
7,pron
7,videos porno gratis
7,video porno wamena
7,good sex video
7,sexy video movie
7,ameecan porno
7,bbw porn
7,sex video bokep
7,xnxxx porn
7,pilem porno
7,video porno eropa
7,kalifa porno
7,porno porno pantat besar
7,vidiosex
7,english sexy movieenglish sexy movies
7,my porn video
7,tube sex porn
7,porno caceros
7,sexvideo
7,professional
7,vidio porno barat
7,film porno jepang tercantik xnxx
7,sexuporn scandal
7,hot porn blue movie vedio
7,porno.choletas.
7,english sex video.
7,porno indo
7,mom porn
7,bokeb vidio porno
7,videos xxx porno
7,fidio pron sex xnxx
7,korean porn
7,sex video km
7,indianporn
7,filme sexi
7,www.xnxxx.com.www.bokep.com
7,japanese porm
7,my porn bide
7,bokeh xnxx
7,porn big curvy
7,xxxx sex por
7,bokep xnxxx.com
7,xnxx polid
7,p0rn viedios xxx
7,film sex indo
7,xvideos porno
7,xnxx amerika com
7,sex veido
7,full hot sex and romance
7,pilem porno full
7,vdio sex
7,vidio porno japanese
7,porn hub com
7,video porno indiya
7,www.xnxx.com bokep
7,porn hindi.com
7,xxx ccc porn
7,vidio porn xnxx
7,mis porn
7,xxx vidio
7,jepang vidio sex
7,pinay porn
7,video porno jepang paling seksi
7,film sex korea
7,yp.porn.video
7,vidio bf porno
7,free porn.com
7,video sexxx
7,xxx video xxx hd
7,xxxxpron
7,pilm xnxx
7,xxx vidio bokef
7,piniy porn
7,xxx 18
7,mom porn sex
7,xnxx.com.bokp
7,pidio sex
7,free porn vedio
7,hot sex videos
7,uporn
7,vidio porno ngetot sama ma sendiri
7,sex hot
7,bokep xnxxx com
7,sexy videos
7,video bokep xnxx
7,pornstar video
7,bokep xxx com
7,www.xxx video boden perno
7,full vidio porno barat
7,xxxpictures
7,xxx video ful hd
7,porn hub hd porn videos
7,bokep xnxx
7,yuoporn japan
7,vedio sexxx
7,pron xvideos
7,seks video
7,pormhug.com
7,english action sexy movies
7,xnxxcom blu sex
7,porno trio
7,xxx the best porn
7,vidios sex asian
7,sex xxx porn full movies
7,sexvidios
7,indo porno
7,freeporn com
7,xnxx com bokep
7,vidio.porno.barat
7,video bokep sex
7,xxx vidio bokeh indonesia no sensor
7,xxx orn
7,vidio sex japan
7,anal sex videos
7,teenager xxx
7,sexy porn hindi.com
7,xnxx proky
7,p0rns
7,aiswarya rai porn
7,xxxx hd vidoes
7,x-video at the age of 16
7,xxx bpn porn
7,indain porn
7,videos porno sabrosa
7,sex xxx video
7,videosex
7,bhaby pussy sex porn
7,xxx com vidio bokep
7,xxx porn stares movies
7,bokep xxxx com
7,pilem porno jepang
7,vedeo porno indonisa
7,hd xxx video
7,vidio sex jepang
7,pornporn hub hub
7,jepang xnxx
7,xxxxx videos
7,xnxxcom blu
7,porn pinay
7,xnxx com porno
7,vidio porno istri selingkuhpidio porno
7,new indian porn
7,vidio p0rno japan
7,video bokep porno japang
7,videos xxxnograficos
7,sexx hot
7,x hamster porn
7,sex porno wanita hamil 8 bulan
7,bokep pron
7,www.xnxx vidio bokep porno
7,xxxporn
7,s********yp.porn.video
7,porn movie asia carera
7,xxx vidiop bokep com
7,xnxx. con
7,flm semi porno
7,xxx porn scandal
7,sexy print full hd
7,porno colombia
7,blue filmxxx
7,movie xxx
7,xnxx bokep simontok
7,english hot xxx vedios
7,videos deporno
7,hotsex
7,xnxx bokep
7,video bokep sexx
7,xxx video
7,prono
7,film bokeh ledis sex
7,video sex japan
7,sex ful sex
7,mam porn japanise
7,xnxx vom
7,videos sex jepang
7,fidio pron sex umum
7,sex live
7,www vidio sex com
7,xxxn vidio full
7,www.xnxx.bokep
7,sexsual
7,xxx picture
7,sex.video.com
7,live sex
7,video sex jepang
7,xxx asian
7,bokep sex xxx
7,bokehxxnxx.com
7,hot sex video
7,anime xxxx
7,pakistani actress hotal porn movies
7,xnxx. cim
7,videvideo porno indiya
7,xxx video hd
7,www pron. com
7,maria video porno
7,sexvidoes
7,bokepxnxx com.
7,xxx movie
7,porn hob hot sexy full movie series
7,porno pantat besar
7,xxx hd
7,vidio sexxxyy
7,porno dewasa
7,best video sex .com
7,the scandal video sex.yupurn
7,porn hubsex video
7,sexyfilim
7,japanese blue film xx
7,www cholitas lindas porno
7,vedio sex xxx sex
7,sexy xxx video hd
7,xxxxx movi
7,www.freeporn.sex.video
7,xxx video indain
7,xnxx com serah bokep
7,video xxx
7,xxx viduo
7,bokepxnxx.com
7,xxx videos downloading
7,porno anak memaksah ibunya jipang
7,videos xxx
7,p 18
7,bokep filem sex
7,vidio bf porno bokep
7,sex video.com
7,sex or ponor
7,video sex japanis
7,asia sex
7,ideo sex
7,xxx romance
7,xxx videos
7,good xnxx
7,sexy vidio
7,sex xxx xxx videos full video
7,pornhub live
7,xxx www com
7,mlilf pornos xcxxcon
7,xxx scandal sex
7,xnxx jepang
7,japansex
7,xnxx jafan
7,www.sex asia
7,xxx video downloading
7,filem sex vedoo
7,pedeo sexx
7,videos porno de culonas
7,sex vedio painful
7,pron mom
7,sexyvideos.hd
7,xxxx vidio bokep
7,english hot xxx
7,xxxvidio
7,xxxx porn videos
7,sex xxx sex
7,xnxx.com.bokp indo
7,xnxx vidio porno japanes
7,xx n vidio open
7,kanal xxx
7,cantng sex live
7,sexy xxxxxpronnb
7,sex americka
7,film ngentot xxx
7,vidio xxx bokep
7,www plm sex
7,nigerian sex videos
7,sex sexys video
7,xnxx big bokep
7,sex movie mother sex
7,child porn
7,xnxx langsung
7,pornvid0se
7,vidio xxx
7,hot sexy videos
7,uporn six vidio
7,xnxx bokep barat
7,blue film
7,pornstar
7,xxx veideos
7,waptrick download vidio sex fuul
7,pornstar jepang
7,indobugilvideo xnxx
7,sex mms
7,sexxx video finger solo
7,xxxx xxx hd videos
7,xxx vdeos
7,vido sex
7,real sex american girl
7,sex. xnxx
7,pornos pa los .mayores
7,porno indo vs bule
7,xxxxxcom.
7,xxxmovise
7,big bokep xnxx
7,sex arab
7,www.sex
7,foto bugil xxx
7,sexy sexy videos
7,sexual
7,xxxcom
7,xxxvidios
7,step xxx videos
7,parent sex hot xxx
7,pinay sex video
7,sexxcom
7,xxx comph
7,bokep indo terbaru smp porno
