6,sos fluid analysis
6,oil fluid analysis
6,sos oil sample
6,sos analise de fluidos
6,sos fluid
6,fluid analysis
6,sos oil
6,sos analysis
6,s.o.s. oil samples
6,s o s oil sampling
6,fluid analysis results
6,locate my sos oil test resauls
6,analyses sos
6,my oil samples sos
6,oil sample analysis
6,find my fluid analysis
6,oil analysis
6,oil analyses
6,fluid analysis services
6,sis
6,sos fuel data
6,sos report
6,sos report interpretation
6,fluid analisys
6,sos data for fuel
6,oil analysis results
6,hp429: sos fuel analysis
6,sis software
6,hp429 : sos fuel analysis
6,oil analysis report
6,sis.02
6,sos oleo
6,fluid analisis
6,systematic oil sampling
6,sos reports
6,sis maintenance
6,read my own fluid analyst
6,sis2o
6,oil sample reports
6,sis.
6,get my results from my fluid analyst
6,fluid anlysis
6,sos inspection
6,fluid analysis kit
6,sis web
6,sis download
6,oil samples reports
6,oil samplingsos
6,read my fluid analyst read my fluid analyst
6,sos samples
6,sos testing
6,sos test
6,sos sample
6,want to read my own fluid analyst
6,sos sample results
6,oil anaylsis
6,schedule fluid sample
6,oil analisys
6,sis 2.0
6,fluid analysis kits
6,fluid testing results
6,sis app
6,sos interpretation guide
6,online sis
6,fluid sample results
6,sis2.o
6,sos lab
6,sos laboratory
6,analise de fluidos
6,analisis de fluidos
6,sis to go
6,sis.2
6,sis2.0
6,sis dvd
6,sos sampling
6,oil sample results
6,service oil samples
6,sos help sheet
6,sis login
6,sos simple
6,sis 2
6,find sos on equipment
6,sis 2go
6,sos
6,find my fluid analysis of my equiptment
6,oil analysis kit
6,sis 35
6,sis.20
6,meaning of sos
6,sos sampl
6,oil analysis report water t
6,sis vedio
6,service sos
6,sis2go
6,sos results
6,fuel analysis
6,find my sos test results
6,sis 2021 service information
6,fluid samples
6,sos web
6,sos result
6,oil sample
6,sos sample probe
6,sos service
6,oil sds
6,sos sample/submikt
6,s.o.s sample
6,curso sis
6,sisonline
6,oil analysis water abriviation
6,web sis
6,sis.cat
6,fluid sds
6,sis2
6,hasil sos engine
6,sos sample kit
6,application sos
6,scheduled oil sampling
6,sos services
6,sos submit
6,sis 2 go
6,sos sample/submit
6,sos view
6,scheduled oil sampling overview
6,sis3304 engine
6,sis service for cat 950
6,submit oil sample
6,sos services web
6,sds hydrulic oil
6,sos001f
6,sis/et caterpillar diagnostic software training
6,sample oil
6,oil senso
6,sis cat software
6,sos samping
6,oil specifications
6,oil and gas sems
6,oil samples
6,oil analyst
6,sis cat
6,sos guidelines
6,fluid dsm
6,sisi
6,sis2go app
6,sosoverview
6,sis2go web
6,cat sis 2.0
6,schedule fluid sano le
6,find my sos test scores
6,sos access
6,is fluid testing mandatory
6,engine oil sample
6,sos spplication
6,sampling fluid
6,updated fluid sample
6,sos21 vaccom oil
6,sis2go download
6,fluids manual
6,data sos
6,fluid sampling
6,sos sm
6,find oil samples
6,sos wen
6,oil system
6,finning sos
6,sos lookup
6,scheduled oil sampling videos
6,acceptable diesel in oil sample
6,oil results
6,report oil
6,sos application
6,ns4oil testing kits
6,sos app
6,sos log in
6,cat oil sds
6,log in for sos web
6,sos safety
6,sisweb
6,fluid testing machine sampling
6,msds oil
6,sis2.cat.co
6,sos qr code
6,scanner to reset oil
6,sos sample labels
6,sos kit
6,get my results of my oil samples
6,recommendations of fluid
6,sis2go subscription
6,cat sos
6,oil sample kit
6,sos cat
6,oil sample pump
6,oil pressure se
6,kit sos
6,fuild analysis
6,filters and fluids
6,fluid recommendation
6,fuel consumption iso
6,sis go pc
6,recommended fluids
6,wsf 255 ss fluid end
6,oil sampling
6,safety data sheet oil
6,fluid sampleing kit
6,oil sample 3516c
6,cat engine oil test
6,oil sample kits
6,locate my oil test resauls
6,sos login
6,s o s
6,filter and fluid application guide
6,my oil samples
6,analise de oleo
6,fluid sample kit
6,sistema automatico de lubricacion
6,s.o.s
6,sas
6,fluids filters
6,sis2.cat.com
6,s.o.s time
6,sos lable
6,226 oil flow
6,kit analise proativa de fluidos
6,fluid ends
6,sis catalogo
6,retrieve my oil samples
6,s.o.s. samples
6,sis2go downlaod
6,s.i.s
6,cat sis
6,sos602
6,oil drainage intervals
6,sos portal
6,fluid end
6,cat fluid sector
6,logiciel et sis
6,parts with fluids
6,sefaty seoas
6,sso
6,sos aplication
6,fluid sampling kitsos kit
6,fluid transmission
6,fluid end parts
6,sos repoerts
6,sos lables
6,fluid label
6,iso 100 oil spec
6,submit sos application
6,fluid
6,machine fluids
6,application severity analysis
6,acceptable levels of diesel in oil sample
6,sis cat 773b
6,s.o.s.
6,oil sampler
6,fis
6,engine fluids guide
6,sebu6250 machine fluids
6,hyhydraulic oil check
6,sos-live 5 oz
6,oil lab
6,sos resalt
6,oil gas ratings guide
6,machine fluids recommendations (sebu6250)
6,deisal exhaust fluid
6,oil testing kits
6,fasi 1-3
6,sis2go usb
6,serso de oleo c32
6,make oil smple
6,oil  hydraulic  cold operation
6,fluida powertrain
6,caterpillar sis 01.2020
6,fluids
6,analyse des liquides
6,silindro de freio
6,application guide filter and fluid
6,sos sample bottle kit part number
6,sosweb
6,v8 cat how to check oil
6,axial oil is too hot
6,sis for cat 950 b loader
6,engine blo by fil
6,cat 394-4780: fluid xsmn
6,sds oils
6,sae iso switch
6,s.o.s web
6,cat sis login
6,sos003
6,sos 602
6,oil pressure specification
6,oil and gas sustainability solutions
6,sos0275
6,sis2go app for android
6,sos2002a
6,logiciel et/sis
6,clean oil and fuel
6,oil sample bottle
6,oil consumption standards
6,caterpillar sis software
6,oil sampler tools
6,sos qr bottle scanner
6,service fuel sistem
6,machine fluids recommendation
6,lable bottle sos
6,oil sample vacuum pump
6,oil sensor diagram
6,oil sensor
6,cat go syn gear oil
6,fto saya
6,oil finder
6,fds liquide de refroidissement
6,953c fluids
6,machine fluids recommendations
6,sos qr scanner
6,rops/fops selection
6,hydraulic oil additive msds
6,filters and fluids  product
6,filter- fluid
6,sistemas de lubricacion
6,cat sis2go
6,oil seal
6,oil sustainability
6,fluid sampling kit
6,rodo liso cs12 gc
6,oil gradeoil specifications
6,oil d17l1s
6,sds for cat transmission and drive train oil
6,th62 hydraulic oil site glass or deepstic
6,0il handling guide
6,oil sampling kit
6,24h motor gradrr 7kk00330 oil samples
6,calibration fluid
6,check oil level
6,sos21
6,oil samplung
6,fluidos
6,checking hydraulic fluid cat d1
6,oil pressure
6,service analyse des liquides
6,kepanjangan sis
6,oil kit
6,toma muestra de aceite sos
6,sistema hidraulico
6,cts inspection report
6,iss guidelines
6,oil sampling results cavpower
6,lubrication specifications
6,s o s kit
6,pts-10csi-so
6,sos kit of two
6,hydraulic information system
6,fluid types
6,sos dealer manager
6,hydraulic oil
6,cat deo uls engine oil
6,acesso sos
6,where to check oil
6,oil fikter
6,oss seat
6,oil handling guide
6,fluid servo
6,hds fluidos
6,24h motor gradrr 7kk00330 oil sample points
6,sosem
6,ros system
6,spm oil and gas
6,soil probe
6,sho s
6,2017 cat 289d oil type
6,oil filtre
6,rosp fosp
6,6.7 cumm oil fi
6,fluids for a 323
6,engine oil detail
6,oil dipsti
6,kit s.o.s
6,cat oil safety data sheet
6,sos18
6,sistema de control diesel
6,cat sem d2r6 dozer maintenance oil
6,metodo seguro de verificar los niveles de fluidos
6,change language on sos web
6,filtro olio
6,ose a fuel
6,oil leakage solution
6,sis2go pc
6,cat special application transmission oil (sato)
6,hydraulic oil grades
6,oil consumption
6,site assesment
6,s.o.s samp18le
6,syw00725sos
6,oil engine
6,oil filte housin
6,fluid health
6,differential oil
6,oil and gas sustainability
6,display oil samples
6,c13 oil level
6,differintia fluid
6,sismsi training
6,hohow to check ttransmission oil level on on d5g cat dozer
6,s 0 s service
6,oil filter cross reference
6,oil pressure switch
6,sistema vims
6,iso 100 oil
6,oil for bio gas engines
6,all fluids used in a 2004 cat 953 c
6,maintenance oil
6,sos3
6,oil anylasis
6,sos6
6,oil filter differential sensor
6,343-9800 oil over flow
6,299 d2 fluids
6,oli transmision
6,sos18sos
6,416 c fluids
6,check oil hot or cold?
6,c7.1 oil pressure
6,fluids of caterpillar machines
6,cat 303.5e oil fil
6,sisparts
6,acceptible diesel in oil
6,cat hydraulic oil
6,cat fluid selector
6,sistema de fluxo variavel
6,how to check engine oil in a cat motor
6,fluidos cat
6,sos smpling
6,fork oil
6,automation/oil
6,c12 acert oil life
6,oil application guide
6,acceptable diesel in oil updated
6,oilgear grader
6,disc fric
6,soh
6,pm kits / sso
6,cat 6015 fluid requirements
6,oil to4
6,presure sensor oil
6,typical characteristics of cat engine oil
6,oil and gas esg
6,cat commercial diesel engine fluids recommendations
6,oil to-2
6,oil labels
6,litro de olio
6,msds for transmission and drive oil
6,iso/jis code
6,inspection reports
6,cat c15 acert sdp oil pressure sensor
6,fuel sample
6,expanded mining fluid recommendation
6,420f2 it hydraulic oil
6,def fluid
6,hydraulic infomation systems
6,259d fluids
6,iso 220 oil
6,oil laboratory in australia
6,oil and filter
6,rodo liso gc
6,siscat
6,analyse de lequide de refroidissement
6,oil grades
6,fluid for 259 d2
6,oil sampling gun kit
6,hydraulic fluid
6,oil semple pump
6,cuenta sis cat
6,saf shos
6,transmission oil fo 416 c
6,turbo oil
6,sistema de combustoble
6,transmi fluid
6,pfas
6,check hijrolic fluid
6,caterpillar machine fluids recommendations (sebu6250)
6,acceptable diesel in oil limits
6,service information management system
6,core inspection criteria
6,engine pump transmission integration oil ang gas
6,oil cylinder
6,cat compactor oil iso 220
6,oil sump capacity
6,diesel exhaust fluid
6,oil change 980h
6,sosweb.cat.com
6,hydraulic oil dip stick
6,low fuel perss
6,aso config
6,272d3 oil level
6,afsi
6,oil fulter c12.9
6,dss software
6,c12 high oil pressure
6,sistem hidrolis
6,hydrolic oil
