3,technology
3,technologies
3,technologie
3,tech
3,tecnologies
3,service technology
3,tecnologia
3,technical
3,technology experience
3,technology warranty
3,assistance technology
3,efficiency through technology
3,safety technology
3,tech training
3,technician
3,technology slide
3,hydraulic and technology
3,et technetion
3,electronic technition
3,electronic tech
3,temperature tech
3,technichian
3,technology report
3,electronic technicion
3,electronic technic
3,construction technology
3,electric techn
3,cat technology
3,service tech
3,technical training
3,technology hub
3,etech
3,electronic technian
3,technologie de service
3,waste technology
3,call tech
3,diesel technology
3,teknis
3,service technical
3,technology kits
3,ellectronic technician
3,technical information
3,ease of use technology
3,battery technology
3,sitetech
3,mining technologies
3,construction management technology
3,tech watch
3,tech support
3,tips tech and tools
3,electronic technitian
3,electronic tecniciant
3,electrnic tech
3,tecnico
3,engineering
3,partnering tech
3,tech centre
3,elctronic technician
3,tips tech tips
3,teck
3,careers technician
3,tech spec
3,tech camer
3,eletronic technician
3,elektronic tehnician
3,construction industry technology
3,technican application
3,waste tech
3,technical electronic
3,electrictronic technician
3,cat tech
3,electronic technican
3,tecnician training
3,electronics
3,a stop tecnolagy
3,ict
3,electronic technnician
3,renew electronic tech
3,jobs for technicians
3,technician job
3,technology epp
3,tecnologia xe
3,electonic technican
3,technical support
3,technician training
3,tech wars
3,tektak
3,techical support
3,technical delivery
3,partnering technologies
3,techo block
3,tech jet
3,motortech
3,fuel cell technology
3,electronic technician
3,tips  tech  and tools expert page
3,information
3,mining equipment tech
3,technical media package
3,parts technical
3,electronic technicain downlaod
3,et technicion download
3,teech
3,technician ready
3,elecronic technician
3,technician electronic
3,mining technology solutions 2023
3,electrnic technician
3,tier 4 final technology
3,sitech
3,mechanic tech
3,techincal support
3,mining technology and autonomy
3,technical data
3,ser tecnico
3,tatechnician ready
3,electronic technition subscription
3,virginia tech
3,servio tecnico
3,automation
3,electronic technicians
3,technican toolboks
3,computer
3,software
3,parts tech
3,ease of use technologies
3,ehs tech
3,technical analyst
3,tech toolbox
3,scr technology
3,technicl sheet
3,mining technology training
3,service technician
3,technical information access solutions
3,technician service competency
3,it equipment
3,compressor tech
3,tecnico electronico
3,technical support resources
3,technical communications group
3,tips techand tools
3,electrical technician
3,technician cat
3,operation technique
3,dozer technology
3,technical course descriptions
3,technical marketing information
3,technican toolbox
3,technical information bulletin
3,tecno gamer
3,ngh technology
3,electronic technician 2023
3,technician newsletter
3,technicin toolbox
3,technicain toolbox
3,especificacoes tecnicas
3,technicien tool box
3,technicien electronique
3,technician toolbox
3,cat advanced texhnology
3,technical file
3,technical toolbox
3,product link technician
3,technical analisis 1
3,electronic technition software
3,security
3,electronic technician update
3,technical cpecifications
3,robot
3,microntek/
3,ity
3,electronic technician updates
3,technical analys
3,electronic technitian software
3,tic (technical information center)
3,electronic
3,cat electronic tech
3,technical presentation
3,dealer tech
3,electric technician
3,cyber
3,cybersecurity
3,automated
3,technical analysis
3,technical supplements
3,technical supplement
3,electroniic technician
3,laptops
3,tehnician toolbox
3,sustainability
3,customer electronic technician
3,technical bulletins
3,command tec
3,bigtechoro
3,technical analyst 2
3,eletroinc techican et
3,technician-in-a-box
3,technology for quarry aggregates
3,technician talk newsletter
3,analisis tecnico
3,technician toolboc
3,smartphones
3,technical recruiter
3,technician tool boxtech tool box issies
3,technician's toolbox
3,mining technicians
3,toolbox technican
3,tecnical analisi at1
3,appliction technical support
3,techniciantoolbox
3,technical analyses
3,machine technical information
3,mining technology solutions october 2023
3,electronics technichan tool
3,mining technology academy
3,cat technican
3,innovative enhancements
3,electronig technician
3,ndt
3,tablet
3,engineers
3,manufacturing
3,ergonomics
3,cat safety technology
3,research
3,ficha tecnkca
3,ficha tecnica
3,scheda tecnica
3,what is computer
3,fichas tecnicas
3,cat e;ectronic technician (et) tool
3,thumb tech spec
3,telematics
3,telematics devices
3,machine
3,cellphones
3,my device
3,cameras
3,assistencia tecnica
3,pocket tec
3,technical specification
3,technican toolbox download
3,global it
3,telekommunikation
3,latest technical circular
3,video the
3,technical analysis 1
3,technician tool box
3,telemetrics
3,technicians toolbox
3,electronic tool
3,magnets
3,tablets
3,field service technician
3,mobiles
3,mech
3,service technicans toolbox
3,sport tek
3,metrology
3,communications
3,internet of things
3,techanician toolbox 3.0.0
3,cat eletrinic technitian
3,cleanliness
3,cat compact technologies
3,turbotec
3,tehnician toolbox download
3,efficiency
3,gmmco technology services
3,digital services
3,technician cat et overview
3,smartphone
3,sofware
3,electronic technician download
3,telecomando
3,electronic technician version
3,tillage
3,equipment maintenance
3,products
3,phones
3,multi-tool
3,cat technician
3,softwares
3,code
3,technical analysis 2
3,artificial intelligence
3,camera
3,caterpillar electronic technician
3,cat electrical technichial
3,mechanik
3,electronic technician cat et
3,cate eletronic theniciam
3,touchscreen
3,product
3,service technician training
3,iphones
3,tv
3,sofware et
3,electronic technician software update
3,introduction of agricultural tools and it definition
3,e-fence and indicate technologies
3,tech data output gerp
3,dealer electronic technician
3,eletronic technician software
3,drones
3,download caterpillar eletronic techician
3,databases
3,cell phones
3,encryption
3,rapid innovation
3,cat et electronic technician
3,elecronic technician 2023b
3,iot
3,innovacion
3,laptop
3,telematique
3,caterpillar electronic technician cat et
3,technical analyses support
3,electrical technician download
3,connectitivty
3,display
3,next generation
3,electronic technician 2023c
3,electronic techniciancat et download
3,cat electronic technician (cat et)
3,electrical technician jobs
3,cellphone
3,research and development
3,m300-technician
3,cat electronic technician
3,autonomy
3,sensor
3,android
3,telemetry
3,what is networking
3,smart
3,telematic
3,esport
3,app
3,data analytics
3,technician toolbox download
3,assembly technician
3,cat electronic tehnician
3,dealer technician
3,simulation
3,cyber security
3,basis technician training
3,service information
3,datacenter
3,tecno spark 10
3,womens
3,using caterpillar electronic technician
3,electronic technician cat et highway
3,softeware
3,satellite
3,tesla
3,digital support
3,knowledge network
3,electronic technician license
3,compatability
3,bots
3,wat thes internet
3,machine control  terrain 
3,teknoxgroup shqiperi sh.p.k.
3,service technician toolbox
