5,warranty
5,warrenty
5,warranty on
5,warranty policy
5,warranty info
5,service warranty
5,my warranty
5,warrnty
5,\warranty
5,warranty claim
5,warranty coverage
5,wrranty
5,battery warranty
5,warranty claims
5,warranty paperwork
5,warranty model
5,warranty statement
5,register warranty
5,warranty registration
5,parts warranty
5,warranty guide
5,warranty returns
5,warranty payment
5,technology warranty
5,warranty extension
5,warranty on equipment
5,my warranty coverage
5,new product warranty
5,warranty statements
5,warranty reimbursement
5,limited warranty
5,machines warranty
5,warrenty registration
5,standard warranty
5,serial warranty
5,extended warranty
5,warranty to sales
5,engine warranty
5,work tool warranty
5,warranty labor
5,warranty and extended protection
5,check warranty on battery
5,engine warrenty
5,global warranty
5,industrial warranty
5,warrenty on my account
5,warranty coolant
5,emissions warranty
5,cat warranty
5,same as new warranty
5,premier warranty
5,warranty emissions
5,warranty power station
5,structural warranty
5,opt warranty
5,standard factory warranty
5,warranty on emissions
5,warranty for toys
5,garantie
5,powertrain warranty
5,warranty training
5,excavator warranty
5,engine warranty registration
5,warranty.cat.com
5,industrial enginge warranty
5,are warranties tranferrable
5,emission control warranty
5,biodiesel warranty
5,service warranty guidbook
5,glovbal warrenty
5,cat warranty coverage
5,industrial engine warranty
5,cat parts warranty
5,120 warranty
5,warranty coverage dozer
5,warranty 306
5,warranty policy excavator
5,caterpillar limited warranty
5,power gen warranty
5,warranty hvo
5,warranty labor rate
5,engine warranty registration\
5,undercarriage warranty
5,side by side warranty
5,industrial warranty registration
5,extended warranty options
5,fuel tanks warranty
5,hydraulic warranty
5,warranty coverage wheel loader
5,global warenty
5,genset warranty
5,cat warranty certificate
5,warranty length standard
5,warranty service representative
5,engine warranty lookup
5,d11 warranty
5,warranty telehandler
5,labourwarranty
5,opt warranty look up
5,register equipment warranty
5,register for extended warranty
5,otp warranty
5,register industrial warranty
5,dozer warranty
5,void warranty
5,seat cover warranty
5,work tool warranty coverage
5,warranty on backhoe loader
5,undercarriage waranty
5,emissions warranty statement
5,boomstructural warranty
5,cat extended protection and warranty
5,warranty skid steer
5,mcap warranty
5,warranty on classic parts
5,skid steer warranty
5,classic parts warranty
5,skidder warranty
5,general duty undercarriage warranty
5,ipsd warranty
5,warianty
5,warranty on a car charger
5,306 warranty
5,precious metals warranty
5,excavator boom warranty
5,supplier warranty amanagement
5,garantie du moteur
5,hydro mechincal work tool warranty coverage
5,gen-set installation warranty
5,warranty for gci
5,warranty for caterpillar 3516
5,rm500 warranty options
5,336 warranty
5,warranty for 3516
5,biodiesel impact on warranty
5,supplier warranty management
5,50/6000 warranty
5,parts garentee
5,track dozer warranty certificate
5,rental power warranty
5,how to find out if engine still under warranty
5,306 warantty
5,new product warranty 299d3
5,how to register a new engine for warranty
5,standard factory warranty c2.2
5,excavator cat warranty
5,generator warranty registration
5,c7 engine warranty
5,3yr 5000 pth warranty
5,exacavator cat warranty
5,cat 908 warranty
5,standby generator warranty coverage
5,warranty rotary mixer
5,genset delivery certificate warranty
5,cat 306 warranty
5,garantia
5,warranty labor hour guidline
5,service letters  warranty service representative
5,california emissions warranty
5,cat overhaul kit warranty
5,ep genset warranty
5,califo emissions warranty
5,dealer generator warranty registration
5,administracion y garantia
5,982 xe warranty
5,garantie prolongee
5,warranty statement for rotary mixer
5,cat 908 standard machine warranty
5,299d3 xe warranty
5,cat warranty length standard
5,303.5 warranty
5,warrantee with overloads
5,what is battery warranty on 3t5760cz
5,insurance
5,150 grader warranty
5,service life
5,garantias
5,garantie industriel
5,caterpillar limited warranty parts and assembled components
5,garantia platnas
5,certificado de garantia de maquinas
5,return policy
5,garantia consumo
5,inscription garantie
5,garantia de combustible
5,garanti
5,warrant
5,work toolwarranty products bulletin 2.02
5,g3500 warranty labor repair guide
5,registrar garantia motor
5,warenty bultin 1.15
5,3500 warranty labor repair guide
5,product recall
5,warranny register
5,insurance policy
5,g3520 warranty labor hour guidline
5,garantia botas
5,service history
5,3500 warranty repair labor guide
5,garantia consumo comb
5,garantias de motro c71
5,dealer coverage
5,garantia combustible
5,extended protection
5,consumo garantido
5,you have the option to upload a copy of your receipt on cat.com during the warranty registration process
5,claims
5,garantia zapatos
5,1yr parts
5,garanti form
5,caterpillar product service reporting codes for sims and warranty use
5,recalls
5,garantia escavadeira
5,product recalls
5,extended service
5,dealer service
5,heavy duty extended life
5,garantia de consumo combustible cat
5,garantia caterpillar
5,defective merch claims
5,same-as-new
5,service center
5,diagnosis
5,undercarriage assurance
5,extended protection plan
5,garantia consumo combustible
5,services
5,maintenance
5,dealer support
5,parts and service
5,garentee
5,programa de garantia de combustivel
5,qual a garantia da retroescavadeira 416-02ln2.aa  da marca da caterpillar brasil ltda 
5,product securty
5,wheel certification
5,service and diagnostik
5,product registration
5,service option
5,product security
5,customer service
5,extended service coverage
5,cat insurance
5,service records
5,dealer service product
5,seguridad del producto
5,wear maintenance
5,dealership support
5,garantia consumo de combustible
5,complaints
5,certified
5,used coverage
5,exteded equipment protection
5,major component assurance program
5,component durability guides
5,extend equipment life
5,garantia plantas
5,extended protection program
5,reman policy
5,fuel guarantee
5,recall
5,garantia retroescavadeira 416
5,product link parts and service guide
5,inspection
5,maintainence
5,dealer product support
5,spare parts certificate of coformity
5,service stickers
5,claim
5,brand policy
5,maintainance
5,parts customer service
5,service interval
5,returns
5,protection
5,maintenance service
5,product support
5,repair before failure brochure
5,defective boots
5,extension
5,undercarriage assurance program
5,recall support
5,service report
5,product covrrage
5,repair before failure
5,parts exchange program
5,premier protection plan
5,lifetime equipment cycle
5,quote extended coverage
5,certified used
5,uso e manutenzione
5,aftermarket solutions ecosystem
5,lifecycle
5,equipment health
5,extended service intervals
5,consumo garantido brasil
5,certificates
5,garantie emisisons polluantes
5,part customer service
5,curso garantia caterpillar
5,terms conditions
5,customer services
5,service replacement engine
5,required service
5,long term service agreement
5,delivery certificate
5,dealer excellence
5,certified powertrain
5,dealer solution
5,standard repair time
5,customer support
5,feature protection
5,my dealer servicew
5,fault diagnosis
5,extended life coolant
5,annual maintenance
5,service technical
5,defective merch
5,service manuel
5,service reports
5,retirement
5,extended powertrain
5,my dealer service
5,replacement engine program
5,parts and service guide
5,maintenance and repair
5,quality certificate
5,wear parts lifecycle
5,aftermarket campaign
5,marine certified service
5,service catalogue
5,aftermarket services goal
5,ehs assurance
5,stronger equipment  longer life
5,troubleshooting
5,service tool
5,wear management
5,insurance phone
5,tool service
5,renewal
5,sales and service by serial number
5,buyback
5,aftermarket safety kit
5,long term service agreements
5,display
5,service code
5,factory
5,coating
5,financing protection
5,automotive
5,serice manual
5,declaration of
5,pre delivery inspection
5,vendor
5,service repair manual
5,service due stickers
5,undercarriage spec
5,functionality
5,insight
5,onbemand
5,wiring
5,extended service coverage forms
5,contingency
5,wners-manuals-and-service-information
5,cooling
5,premier coverage
5,coverage
5,terms and conditions
5,licensing
5,labor repair guidlines
5,beneficiary
5,dealer product support search
5,sevice manuals
5,policies
5,oem power profiles
5,certificati
5,certificate of origin
5,servicewagen
5,new product
5,repair manualmanual
5,dealer service portal
5,shipping
5,buyers guide
5,machinery
5,replace proof of ownership
5,dealer india
5,product and service
5,quality support
5,voltage
5,plus 1 service tool
5,return criteria
5,refinanace
5,hassle-free
5,safety upgrade
5,remanufacturing
5,cat certified
5,service replacement engines
5,dealer product problem management
5,service schedule
5,diagnostic
5,maintenance records
5,break in period
5,next service due stickers
5,service parts catalog
5,coustemer service
5,inspections
5,homologation
5,dealer serivice tools
5,tag service
5,service vehicle
5,contact your dealer
5,reclamacao
5,check by serial number
5,parts excellence program
5,quality clauses
5,service contracts
5,service tech
5,software update
5,product support bundle
5,preventive maintenance
5,customer care
5,customer agreement
5,maintenance ancd repair contract
5,dealer service tools
5,repair and service kits
5,services commitment
5,customer service agreement jimtest
5,caterpillar certification
5,service commitment
5,service information
5,service intervalls
5,contact a dealer
5,stw service report
5,preventative maintenance
5,developpement durable
5,daily inspection
5,service tools
5,safety and maintenance
5,self service option
5,planned maintenance kits
5,issues
5,mxy life cycle
5,customer service agreement quarry
5,safet y and maintenance
5,pre-delivery inspection
5,protection kit
5,genset delivery certificate
5,rim certification
5,vehicle inspection
5,wear protection
5,pre use inspection
5,certified rebuilt
5,mantenimiento preventivo
5,recall 745
5,firmware download
5,c9 repair facility
5,certified rebuild
5,service parts code
5,inspeccion
5,parts technical
5,inspection print
5,replace proof of own
5,wear management system
5,troubleshoot
5,quality support one
